[2026-05-13 01:32:25,912] INFO: Detectados 23 backups en V:\Sistema_Operativo_Tesis_Posgrado\config\backups
[2026-05-13 01:32:25,913] INFO: Comprimido: .env.example.observability_command_center.20260506T060723Z.bak (777B -> 588B, -(24.3%)) -> .env.example.observability_command_center.20260506T060723Z.bak.gz
[2026-05-13 01:32:25,914] INFO: Comprimido: .env.observability_command_center.20260506T062749Z.bak (110B -> 174B, -(-58.2%)) -> .env.observability_command_center.20260506T062749Z.bak.gz
[2026-05-13 01:32:25,927] INFO: Comprimido: 00_sistema_tesis_canon_events.jsonl.20260504_025840.bak (833219B -> 112694B, -(86.5%)) -> 00_sistema_tesis_canon_events.jsonl.20260504_025840.bak.gz
[2026-05-13 01:32:25,928] INFO: Comprimido: 00_sistema_tesis_decisiones_2026-05-02_DEC-0031_adopcion_mission_control.md.20260504_025840.bak (2788B -> 1575B, -(43.5%)) -> 00_sistema_tesis_decisiones_2026-05-02_DEC-0031_adopcion_mission_control.md.20260504_025840.bak.gz
[2026-05-13 01:32:25,929] INFO: Comprimido: 00_sistema_tesis_decisiones_2026-05-02_DEC-0032_arquitectura_ingesta_consumption_pets.md.20260504_025840.bak (6462B -> 2728B, -(57.8%)) -> 00_sistema_tesis_decisiones_2026-05-02_DEC-0032_arquitectura_ingesta_consumption_pets.md.20260504_025840.bak.gz
[2026-05-13 01:32:25,930] INFO: Comprimido: 07_scripts_build_runner_registry.py.observability_command_center.20260506T061343Z.bak (14093B -> 2731B, -(80.6%)) -> 07_scripts_build_runner_registry.py.observability_command_center.20260506T061343Z.bak.gz
[2026-05-13 01:32:25,932] INFO: Comprimido: 07_scripts_ops_build_dashboard.py.20260506T060241Z.bak (58828B -> 15244B, -(74.1%)) -> 07_scripts_ops_build_dashboard.py.20260506T060241Z.bak.gz
[2026-05-13 01:32:25,932] INFO: Comprimido: check_stack_status.py.bak.20260506-llamacpp-remove (7196B -> 2488B, -(65.4%)) -> check_stack_status.py.bak.20260506-llamacpp-remove.gz
[2026-05-13 01:32:25,933] INFO: Comprimido: docker-compose.yml.bak.20260506-llamacpp-remove (11598B -> 2674B, -(76.9%)) -> docker-compose.yml.bak.20260506-llamacpp-remove.gz
[2026-05-13 01:32:25,934] INFO: Comprimido: docker-compose.yml.observability_command_center.20260506T060723Z.bak (9807B -> 2289B, -(76.7%)) -> docker-compose.yml.observability_command_center.20260506T060723Z.bak.gz
[2026-05-13 01:32:25,935] INFO: Comprimido: openclaw.env.bak.20260505-llamacpp-disable (2728B -> 1250B, -(54.2%)) -> openclaw.env.bak.20260505-llamacpp-disable.gz
[2026-05-13 01:32:25,935] INFO: Comprimido: openclaw.env.bak.20260506-llamacpp-remove (2728B -> 1246B, -(54.3%)) -> openclaw.env.bak.20260506-llamacpp-remove.gz
[2026-05-13 01:32:25,936] INFO: Comprimido: openclaw.env.example.maestro_moe_20260505T083039Z.bak (4834B -> 1669B, -(65.5%)) -> openclaw.env.example.maestro_moe_20260505T083039Z.bak.gz
[2026-05-13 01:32:25,937] INFO: Comprimido: sistema_tesis.yaml.bak.20260506-llamacpp-remove (6102B -> 2495B, -(59.1%)) -> sistema_tesis.yaml.bak.20260506-llamacpp-remove.gz
[2026-05-13 01:32:25,938] INFO: Comprimido: start_backends_auto.py.bak.20260506-llamacpp-remove (12328B -> 3240B, -(73.7%)) -> start_backends_auto.py.bak.20260506-llamacpp-remove.gz
[2026-05-13 01:32:26,017] INFO: [BACKUP-ROTATE] Modo: DRY-RUN | Archivos: 23 -> 23 | MB: 0.43 -> 0.43
[2026-05-13 01:32:26,017] INFO: [BACKUP-ROTATE] Candidatos a borrar: 0
[2026-05-13 01:32:26,017] INFO: [BACKUP-ROTATE] Sin cambios requeridos.
[2026-05-13 01:32:26,017] INFO: Resumen JSON: {"generated_at": "2026-05-13 01:32:26", "total_files_before": 23, "total_size_mb_before": 0.43, "total_files_after": 23, "total_size_mb_after": 0.43, "to_delete_count": 0, "to_delete_by_risk": {"critico": 0, "alto": 0, "operativo": 0}, "deduplication": {"enabled": true, "duplicates_found": 0}, "limits": {"max_files": 100, "max_total_size_mb": 256.0, "min_protected_days": 7}}
[2026-05-13 01:33:19,613] INFO: Detectados 5 backups en V:\Sistema_Operativo_Tesis_Posgrado\config\backups
[2026-05-13 01:33:19,614] INFO: [BACKUP-ROTATE] Modo: DRY-RUN | Archivos: 5 -> 5 | MB: 0.37 -> 0.37
[2026-05-13 01:33:19,614] INFO: [BACKUP-ROTATE] Candidatos a borrar: 0
[2026-05-13 01:33:19,614] INFO: [BACKUP-ROTATE] Sin cambios requeridos.
[2026-05-13 01:33:19,614] INFO: Resumen JSON: {"generated_at": "2026-05-13 01:33:19", "total_files_before": 5, "total_size_mb_before": 0.37, "total_files_after": 5, "total_size_mb_after": 0.37, "to_delete_count": 0, "to_delete_by_risk": {"critico": 0, "alto": 0, "operativo": 0}, "deduplication": {"enabled": true, "duplicates_found": 0}, "limits": {"max_files": 100, "max_total_size_mb": 256.0, "min_protected_days": 7}}
[2026-05-14 21:16:04,625] INFO: Detectados 9 backups en V:\Sistema_Operativo_Tesis_Posgrado\config\backups
[2026-05-14 21:16:04,626] INFO: Comprimido: Dockerfile.tablero-gobernanza.20260514_backup.bak (1901B -> 1051B, -(44.7%)) -> Dockerfile.tablero-gobernanza.20260514_backup.bak.gz
[2026-05-14 21:16:04,631] INFO: Comprimido: log_sesiones_trabajo_registradas.md.20260507T041421Z.bak (234179B -> 43003B, -(81.6%)) -> log_sesiones_trabajo_registradas.md.20260507T041421Z.bak.gz
[2026-05-14 21:16:04,633] INFO: Comprimido: matriz_trazabilidad.md.20260507T041421Z.bak (38997B -> 6697B, -(82.8%)) -> matriz_trazabilidad.md.20260507T041421Z.bak.gz
[2026-05-14 21:16:04,658] INFO: [BACKUP-ROTATE] Modo: DRY-RUN | Archivos: 9 -> 9 | MB: 0.39 -> 0.39
[2026-05-14 21:16:04,658] INFO: [BACKUP-ROTATE] Candidatos a borrar: 0
[2026-05-14 21:16:04,658] INFO: [BACKUP-ROTATE] Sin cambios requeridos.
[2026-05-21 03:59:09,364] INFO: Detectados 11 backups en V:\Sistema_Operativo_Tesis_Posgrado\config\backups
[2026-05-21 03:59:09,366] INFO: Comprimido: docker-compose.yml.20260513041323.bak (11735B -> 2589B, -(77.9%)) -> docker-compose.yml.20260513041323.bak.gz
[2026-05-21 03:59:09,367] INFO: Comprimido: openclaw.env.20260513040619.bak (2844B -> 1274B, -(55.2%)) -> openclaw.env.20260513040619.bak.gz
[2026-05-21 03:59:09,379] INFO: [BACKUP-ROTATE] Modo: DRY-RUN | Archivos: 11 -> 8 | MB: 0.39 -> 0.28
[2026-05-21 03:59:09,379] INFO: [BACKUP-ROTATE] Candidatos a borrar: 3
[2026-05-21 03:59:09,379] INFO: - 00_sistema_tesis_canon_events.jsonl.20260504_025840.bak.gz | riesgo=critico | edad_dias=17.0 | size_kb=110.1
[2026-05-21 03:59:09,379] INFO: - 00_sistema_tesis_decisiones_2026-05-02_DEC-0031_adopcion_mission_control.md.20260504_025840.bak.gz | riesgo=critico | edad_dias=17.0 | size_kb=1.5
[2026-05-21 03:59:09,379] INFO: - 00_sistema_tesis_decisiones_2026-05-02_DEC-0032_arquitectura_ingesta_consumption_pets.md.20260504_025840.bak.gz | riesgo=critico | edad_dias=17.0 | size_kb=2.7
[2026-05-21 04:03:48,073] INFO: Detectados 11 backups en V:\Sistema_Operativo_Tesis_Posgrado\config\backups
[2026-05-21 04:03:48,074] INFO: [BACKUP-ROTATE] Modo: DRY-RUN | Archivos: 11 -> 8 | MB: 0.39 -> 0.28
[2026-05-21 04:03:48,075] INFO: [BACKUP-ROTATE] Candidatos a borrar: 3
[2026-05-21 04:03:48,075] INFO: - 00_sistema_tesis_canon_events.jsonl.20260504_025840.bak.gz | riesgo=critico | edad_dias=17.0 | size_kb=110.1
[2026-05-21 04:03:48,075] INFO: - 00_sistema_tesis_decisiones_2026-05-02_DEC-0031_adopcion_mission_control.md.20260504_025840.bak.gz | riesgo=critico | edad_dias=17.0 | size_kb=1.5
[2026-05-21 04:03:48,075] INFO: - 00_sistema_tesis_decisiones_2026-05-02_DEC-0032_arquitectura_ingesta_consumption_pets.md.20260504_025840.bak.gz | riesgo=critico | edad_dias=17.0 | size_kb=2.7
[2026-05-21 04:12:39,616] INFO: Detectados 12 backups en V:\Sistema_Operativo_Tesis_Posgrado\config\backups
[2026-05-21 04:12:39,618] INFO: [BACKUP-ROTATE] Modo: DRY-RUN | Archivos: 12 -> 9 | MB: 0.39 -> 0.28
[2026-05-21 04:12:39,618] INFO: [BACKUP-ROTATE] Candidatos a borrar: 3
[2026-05-21 04:12:39,618] INFO: - 00_sistema_tesis_canon_events.jsonl.20260504_025840.bak.gz | riesgo=critico | edad_dias=17.1 | size_kb=110.1
[2026-05-21 04:12:39,618] INFO: - 00_sistema_tesis_decisiones_2026-05-02_DEC-0031_adopcion_mission_control.md.20260504_025840.bak.gz | riesgo=critico | edad_dias=17.1 | size_kb=1.5
[2026-05-21 04:12:39,618] INFO: - 00_sistema_tesis_decisiones_2026-05-02_DEC-0032_arquitectura_ingesta_consumption_pets.md.20260504_025840.bak.gz | riesgo=critico | edad_dias=17.1 | size_kb=2.7
[2026-05-21 07:27:32,519] INFO: Detectados 12 backups en V:\Sistema_Operativo_Tesis_Posgrado\config\backups
[2026-05-21 07:27:32,521] INFO: [BACKUP-ROTATE] Modo: DRY-RUN | Archivos: 12 -> 9 | MB: 0.39 -> 0.28
[2026-05-21 07:27:32,521] INFO: [BACKUP-ROTATE] Candidatos a borrar: 3
[2026-05-21 07:27:32,521] INFO: - 00_sistema_tesis_canon_events.jsonl.20260504_025840.bak.gz | riesgo=critico | edad_dias=17.2 | size_kb=110.1
[2026-05-21 07:27:32,522] INFO: - 00_sistema_tesis_decisiones_2026-05-02_DEC-0031_adopcion_mission_control.md.20260504_025840.bak.gz | riesgo=critico | edad_dias=17.2 | size_kb=1.5
[2026-05-21 07:27:32,522] INFO: - 00_sistema_tesis_decisiones_2026-05-02_DEC-0032_arquitectura_ingesta_consumption_pets.md.20260504_025840.bak.gz | riesgo=critico | edad_dias=17.2 | size_kb=2.7
[2026-05-21 12:19:54,016] INFO: Detectados 12 backups en V:\Sistema_Operativo_Tesis_Posgrado\config\backups
[2026-05-21 12:19:54,019] INFO: [BACKUP-ROTATE] Modo: DRY-RUN | Archivos: 12 -> 9 | MB: 0.39 -> 0.28
[2026-05-21 12:19:54,019] INFO: [BACKUP-ROTATE] Candidatos a borrar: 3
[2026-05-21 12:19:54,019] INFO: - 00_sistema_tesis_canon_events.jsonl.20260504_025840.bak.gz | riesgo=critico | edad_dias=17.4 | size_kb=110.1
[2026-05-21 12:19:54,019] INFO: - 00_sistema_tesis_decisiones_2026-05-02_DEC-0031_adopcion_mission_control.md.20260504_025840.bak.gz | riesgo=critico | edad_dias=17.4 | size_kb=1.5
[2026-05-21 12:19:54,019] INFO: - 00_sistema_tesis_decisiones_2026-05-02_DEC-0032_arquitectura_ingesta_consumption_pets.md.20260504_025840.bak.gz | riesgo=critico | edad_dias=17.4 | size_kb=2.7
[2026-05-21 12:24:40,086] INFO: Detectados 12 backups en V:\Sistema_Operativo_Tesis_Posgrado\config\backups
[2026-05-21 12:24:40,089] INFO: [BACKUP-ROTATE] Modo: DRY-RUN | Archivos: 12 -> 9 | MB: 0.39 -> 0.28
[2026-05-21 12:24:40,090] INFO: [BACKUP-ROTATE] Candidatos a borrar: 3
[2026-05-21 12:24:40,090] INFO: - 00_sistema_tesis_canon_events.jsonl.20260504_025840.bak.gz | riesgo=critico | edad_dias=17.4 | size_kb=110.1
[2026-05-21 12:24:40,090] INFO: - 00_sistema_tesis_decisiones_2026-05-02_DEC-0031_adopcion_mission_control.md.20260504_025840.bak.gz | riesgo=critico | edad_dias=17.4 | size_kb=1.5
[2026-05-21 12:24:40,090] INFO: - 00_sistema_tesis_decisiones_2026-05-02_DEC-0032_arquitectura_ingesta_consumption_pets.md.20260504_025840.bak.gz | riesgo=critico | edad_dias=17.4 | size_kb=2.7
[2026-05-21 12:26:07,085] INFO: Detectados 12 backups en V:\Sistema_Operativo_Tesis_Posgrado\config\backups
[2026-05-21 12:26:07,088] INFO: [BACKUP-ROTATE] Modo: DRY-RUN | Archivos: 12 -> 9 | MB: 0.39 -> 0.28
[2026-05-21 12:26:07,088] INFO: [BACKUP-ROTATE] Candidatos a borrar: 3
[2026-05-21 12:26:07,088] INFO: - 00_sistema_tesis_canon_events.jsonl.20260504_025840.bak.gz | riesgo=critico | edad_dias=17.4 | size_kb=110.1
[2026-05-21 12:26:07,088] INFO: - 00_sistema_tesis_decisiones_2026-05-02_DEC-0031_adopcion_mission_control.md.20260504_025840.bak.gz | riesgo=critico | edad_dias=17.4 | size_kb=1.5
[2026-05-21 12:26:07,088] INFO: - 00_sistema_tesis_decisiones_2026-05-02_DEC-0032_arquitectura_ingesta_consumption_pets.md.20260504_025840.bak.gz | riesgo=critico | edad_dias=17.4 | size_kb=2.7
[2026-05-21 15:07:30,143] INFO: Detectados 12 backups en V:\Sistema_Operativo_Tesis_Posgrado\config\backups
[2026-05-21 15:07:30,145] INFO: [BACKUP-ROTATE] Modo: DRY-RUN | Archivos: 12 -> 9 | MB: 0.39 -> 0.28
[2026-05-21 15:07:30,145] INFO: [BACKUP-ROTATE] Candidatos a borrar: 3
[2026-05-21 15:07:30,145] INFO: - 00_sistema_tesis_canon_events.jsonl.20260504_025840.bak.gz | riesgo=critico | edad_dias=17.5 | size_kb=110.1
[2026-05-21 15:07:30,145] INFO: - 00_sistema_tesis_decisiones_2026-05-02_DEC-0031_adopcion_mission_control.md.20260504_025840.bak.gz | riesgo=critico | edad_dias=17.5 | size_kb=1.5
[2026-05-21 15:07:30,145] INFO: - 00_sistema_tesis_decisiones_2026-05-02_DEC-0032_arquitectura_ingesta_consumption_pets.md.20260504_025840.bak.gz | riesgo=critico | edad_dias=17.5 | size_kb=2.7
[2026-05-21 15:08:08,222] INFO: Detectados 12 backups en V:\Sistema_Operativo_Tesis_Posgrado\config\backups
[2026-05-21 15:08:08,224] INFO: [BACKUP-ROTATE] Modo: DRY-RUN | Archivos: 12 -> 9 | MB: 0.39 -> 0.28
[2026-05-21 15:08:08,224] INFO: [BACKUP-ROTATE] Candidatos a borrar: 3
[2026-05-21 15:08:08,224] INFO: - 00_sistema_tesis_canon_events.jsonl.20260504_025840.bak.gz | riesgo=critico | edad_dias=17.5 | size_kb=110.1
[2026-05-21 15:08:08,224] INFO: - 00_sistema_tesis_decisiones_2026-05-02_DEC-0031_adopcion_mission_control.md.20260504_025840.bak.gz | riesgo=critico | edad_dias=17.5 | size_kb=1.5
[2026-05-21 15:08:08,224] INFO: - 00_sistema_tesis_decisiones_2026-05-02_DEC-0032_arquitectura_ingesta_consumption_pets.md.20260504_025840.bak.gz | riesgo=critico | edad_dias=17.5 | size_kb=2.7
[2026-05-21 15:08:43,444] INFO: Detectados 12 backups en V:\Sistema_Operativo_Tesis_Posgrado\config\backups
[2026-05-21 15:08:43,446] INFO: [BACKUP-ROTATE] Modo: DRY-RUN | Archivos: 12 -> 9 | MB: 0.39 -> 0.28
[2026-05-21 15:08:43,446] INFO: [BACKUP-ROTATE] Candidatos a borrar: 3
[2026-05-21 15:08:43,446] INFO: - 00_sistema_tesis_canon_events.jsonl.20260504_025840.bak.gz | riesgo=critico | edad_dias=17.5 | size_kb=110.1
[2026-05-21 15:08:43,446] INFO: - 00_sistema_tesis_decisiones_2026-05-02_DEC-0031_adopcion_mission_control.md.20260504_025840.bak.gz | riesgo=critico | edad_dias=17.5 | size_kb=1.5
[2026-05-21 15:08:43,446] INFO: - 00_sistema_tesis_decisiones_2026-05-02_DEC-0032_arquitectura_ingesta_consumption_pets.md.20260504_025840.bak.gz | riesgo=critico | edad_dias=17.5 | size_kb=2.7
[2026-05-21 15:24:59,151] INFO: Detectados 12 backups en V:\Sistema_Operativo_Tesis_Posgrado\config\backups
[2026-05-21 15:24:59,153] INFO: [BACKUP-ROTATE] Modo: DRY-RUN | Archivos: 12 -> 9 | MB: 0.39 -> 0.28
[2026-05-21 15:24:59,154] INFO: [BACKUP-ROTATE] Candidatos a borrar: 3
[2026-05-21 15:24:59,154] INFO: - 00_sistema_tesis_canon_events.jsonl.20260504_025840.bak.gz | riesgo=critico | edad_dias=17.5 | size_kb=110.1
[2026-05-21 15:24:59,154] INFO: - 00_sistema_tesis_decisiones_2026-05-02_DEC-0031_adopcion_mission_control.md.20260504_025840.bak.gz | riesgo=critico | edad_dias=17.5 | size_kb=1.5
[2026-05-21 15:24:59,154] INFO: - 00_sistema_tesis_decisiones_2026-05-02_DEC-0032_arquitectura_ingesta_consumption_pets.md.20260504_025840.bak.gz | riesgo=critico | edad_dias=17.5 | size_kb=2.7
[2026-05-21 15:26:25,673] INFO: Detectados 12 backups en V:\Sistema_Operativo_Tesis_Posgrado\config\backups
[2026-05-21 15:26:25,676] INFO: [BACKUP-ROTATE] Modo: DRY-RUN | Archivos: 12 -> 9 | MB: 0.39 -> 0.28
[2026-05-21 15:26:25,676] INFO: [BACKUP-ROTATE] Candidatos a borrar: 3
[2026-05-21 15:26:25,676] INFO: - 00_sistema_tesis_canon_events.jsonl.20260504_025840.bak.gz | riesgo=critico | edad_dias=17.5 | size_kb=110.1
[2026-05-21 15:26:25,676] INFO: - 00_sistema_tesis_decisiones_2026-05-02_DEC-0031_adopcion_mission_control.md.20260504_025840.bak.gz | riesgo=critico | edad_dias=17.5 | size_kb=1.5
[2026-05-21 15:26:25,676] INFO: - 00_sistema_tesis_decisiones_2026-05-02_DEC-0032_arquitectura_ingesta_consumption_pets.md.20260504_025840.bak.gz | riesgo=critico | edad_dias=17.5 | size_kb=2.7
[2026-05-21 15:28:11,075] INFO: Detectados 12 backups en V:\Sistema_Operativo_Tesis_Posgrado\config\backups
[2026-05-21 15:28:11,079] INFO: [BACKUP-ROTATE] Modo: DRY-RUN | Archivos: 12 -> 9 | MB: 0.39 -> 0.28
[2026-05-21 15:28:11,079] INFO: [BACKUP-ROTATE] Candidatos a borrar: 3
[2026-05-21 15:28:11,079] INFO: - 00_sistema_tesis_canon_events.jsonl.20260504_025840.bak.gz | riesgo=critico | edad_dias=17.5 | size_kb=110.1
[2026-05-21 15:28:11,079] INFO: - 00_sistema_tesis_decisiones_2026-05-02_DEC-0031_adopcion_mission_control.md.20260504_025840.bak.gz | riesgo=critico | edad_dias=17.5 | size_kb=1.5
[2026-05-21 15:28:11,079] INFO: - 00_sistema_tesis_decisiones_2026-05-02_DEC-0032_arquitectura_ingesta_consumption_pets.md.20260504_025840.bak.gz | riesgo=critico | edad_dias=17.5 | size_kb=2.7
[2026-05-21 15:31:31,169] INFO: Detectados 12 backups en V:\Sistema_Operativo_Tesis_Posgrado\config\backups
[2026-05-21 15:31:31,171] INFO: [BACKUP-ROTATE] Modo: DRY-RUN | Archivos: 12 -> 9 | MB: 0.39 -> 0.28
[2026-05-21 15:31:31,171] INFO: [BACKUP-ROTATE] Candidatos a borrar: 3
[2026-05-21 15:31:31,171] INFO: - 00_sistema_tesis_canon_events.jsonl.20260504_025840.bak.gz | riesgo=critico | edad_dias=17.5 | size_kb=110.1
[2026-05-21 15:31:31,171] INFO: - 00_sistema_tesis_decisiones_2026-05-02_DEC-0031_adopcion_mission_control.md.20260504_025840.bak.gz | riesgo=critico | edad_dias=17.5 | size_kb=1.5
[2026-05-21 15:31:31,171] INFO: - 00_sistema_tesis_decisiones_2026-05-02_DEC-0032_arquitectura_ingesta_consumption_pets.md.20260504_025840.bak.gz | riesgo=critico | edad_dias=17.5 | size_kb=2.7
[2026-05-21 15:34:44,241] INFO: Detectados 12 backups en V:\Sistema_Operativo_Tesis_Posgrado\config\backups
[2026-05-21 15:34:44,244] INFO: [BACKUP-ROTATE] Modo: DRY-RUN | Archivos: 12 -> 9 | MB: 0.39 -> 0.28
[2026-05-21 15:34:44,244] INFO: [BACKUP-ROTATE] Candidatos a borrar: 3
[2026-05-21 15:34:44,244] INFO: - 00_sistema_tesis_canon_events.jsonl.20260504_025840.bak.gz | riesgo=critico | edad_dias=17.5 | size_kb=110.1
[2026-05-21 15:34:44,244] INFO: - 00_sistema_tesis_decisiones_2026-05-02_DEC-0031_adopcion_mission_control.md.20260504_025840.bak.gz | riesgo=critico | edad_dias=17.5 | size_kb=1.5
[2026-05-21 15:34:44,244] INFO: - 00_sistema_tesis_decisiones_2026-05-02_DEC-0032_arquitectura_ingesta_consumption_pets.md.20260504_025840.bak.gz | riesgo=critico | edad_dias=17.5 | size_kb=2.7
[2026-05-21 15:38:06,174] INFO: Detectados 12 backups en V:\Sistema_Operativo_Tesis_Posgrado\config\backups
[2026-05-21 15:38:06,176] INFO: [BACKUP-ROTATE] Modo: DRY-RUN | Archivos: 12 -> 9 | MB: 0.39 -> 0.28
[2026-05-21 15:38:06,176] INFO: [BACKUP-ROTATE] Candidatos a borrar: 3
[2026-05-21 15:38:06,176] INFO: - 00_sistema_tesis_canon_events.jsonl.20260504_025840.bak.gz | riesgo=critico | edad_dias=17.5 | size_kb=110.1
[2026-05-21 15:38:06,176] INFO: - 00_sistema_tesis_decisiones_2026-05-02_DEC-0031_adopcion_mission_control.md.20260504_025840.bak.gz | riesgo=critico | edad_dias=17.5 | size_kb=1.5
[2026-05-21 15:38:06,176] INFO: - 00_sistema_tesis_decisiones_2026-05-02_DEC-0032_arquitectura_ingesta_consumption_pets.md.20260504_025840.bak.gz | riesgo=critico | edad_dias=17.5 | size_kb=2.7
[2026-05-21 15:41:53,142] INFO: Detectados 12 backups en V:\Sistema_Operativo_Tesis_Posgrado\config\backups
[2026-05-21 15:41:53,144] INFO: [BACKUP-ROTATE] Modo: DRY-RUN | Archivos: 12 -> 9 | MB: 0.39 -> 0.28
[2026-05-21 15:41:53,144] INFO: [BACKUP-ROTATE] Candidatos a borrar: 3
[2026-05-21 15:41:53,144] INFO: - 00_sistema_tesis_canon_events.jsonl.20260504_025840.bak.gz | riesgo=critico | edad_dias=17.5 | size_kb=110.1
[2026-05-21 15:41:53,144] INFO: - 00_sistema_tesis_decisiones_2026-05-02_DEC-0031_adopcion_mission_control.md.20260504_025840.bak.gz | riesgo=critico | edad_dias=17.5 | size_kb=1.5
[2026-05-21 15:41:53,144] INFO: - 00_sistema_tesis_decisiones_2026-05-02_DEC-0032_arquitectura_ingesta_consumption_pets.md.20260504_025840.bak.gz | riesgo=critico | edad_dias=17.5 | size_kb=2.7
[2026-05-21 15:44:59,574] INFO: Detectados 12 backups en V:\Sistema_Operativo_Tesis_Posgrado\config\backups
[2026-05-21 15:44:59,577] INFO: [BACKUP-ROTATE] Modo: DRY-RUN | Archivos: 12 -> 9 | MB: 0.39 -> 0.28
[2026-05-21 15:44:59,577] INFO: [BACKUP-ROTATE] Candidatos a borrar: 3
[2026-05-21 15:44:59,577] INFO: - 00_sistema_tesis_canon_events.jsonl.20260504_025840.bak.gz | riesgo=critico | edad_dias=17.5 | size_kb=110.1
[2026-05-21 15:44:59,577] INFO: - 00_sistema_tesis_decisiones_2026-05-02_DEC-0031_adopcion_mission_control.md.20260504_025840.bak.gz | riesgo=critico | edad_dias=17.5 | size_kb=1.5
[2026-05-21 15:44:59,577] INFO: - 00_sistema_tesis_decisiones_2026-05-02_DEC-0032_arquitectura_ingesta_consumption_pets.md.20260504_025840.bak.gz | riesgo=critico | edad_dias=17.5 | size_kb=2.7
[2026-05-21 15:46:09,254] INFO: Detectados 12 backups en V:\Sistema_Operativo_Tesis_Posgrado\config\backups
[2026-05-21 15:46:09,256] INFO: [BACKUP-ROTATE] Modo: DRY-RUN | Archivos: 12 -> 9 | MB: 0.39 -> 0.28
[2026-05-21 15:46:09,256] INFO: [BACKUP-ROTATE] Candidatos a borrar: 3
[2026-05-21 15:46:09,256] INFO: - 00_sistema_tesis_canon_events.jsonl.20260504_025840.bak.gz | riesgo=critico | edad_dias=17.5 | size_kb=110.1
[2026-05-21 15:46:09,258] INFO: - 00_sistema_tesis_decisiones_2026-05-02_DEC-0031_adopcion_mission_control.md.20260504_025840.bak.gz | riesgo=critico | edad_dias=17.5 | size_kb=1.5
[2026-05-21 15:46:09,258] INFO: - 00_sistema_tesis_decisiones_2026-05-02_DEC-0032_arquitectura_ingesta_consumption_pets.md.20260504_025840.bak.gz | riesgo=critico | edad_dias=17.5 | size_kb=2.7
[2026-05-21 17:54:36,267] INFO: Detectados 12 backups en V:\Sistema_Operativo_Tesis_Posgrado\config\backups
[2026-05-21 17:54:36,274] INFO: Comprimido: log_sesiones_trabajo_registradas.md.20260514_165200.bak (230761B -> 42921B, -(81.4%)) -> log_sesiones_trabajo_registradas.md.20260514_165200.bak.gz
[2026-05-21 17:54:36,282] INFO: [BACKUP-ROTATE] Modo: DRY-RUN | Archivos: 12 -> 9 | MB: 0.21 -> 0.1
[2026-05-21 17:54:36,282] INFO: [BACKUP-ROTATE] Candidatos a borrar: 3
[2026-05-21 17:54:36,282] INFO: - 00_sistema_tesis_canon_events.jsonl.20260504_025840.bak.gz | riesgo=critico | edad_dias=17.6 | size_kb=110.1
[2026-05-21 17:54:36,282] INFO: - 00_sistema_tesis_decisiones_2026-05-02_DEC-0031_adopcion_mission_control.md.20260504_025840.bak.gz | riesgo=critico | edad_dias=17.6 | size_kb=1.5
[2026-05-21 17:54:36,282] INFO: - 00_sistema_tesis_decisiones_2026-05-02_DEC-0032_arquitectura_ingesta_consumption_pets.md.20260504_025840.bak.gz | riesgo=critico | edad_dias=17.6 | size_kb=2.7
[2026-05-21 17:58:03,763] INFO: Detectados 12 backups en V:\Sistema_Operativo_Tesis_Posgrado\config\backups
[2026-05-21 17:58:03,765] INFO: [BACKUP-ROTATE] Modo: DRY-RUN | Archivos: 12 -> 9 | MB: 0.21 -> 0.1
[2026-05-21 17:58:03,765] INFO: [BACKUP-ROTATE] Candidatos a borrar: 3
[2026-05-21 17:58:03,765] INFO: - 00_sistema_tesis_canon_events.jsonl.20260504_025840.bak.gz | riesgo=critico | edad_dias=17.6 | size_kb=110.1
[2026-05-21 17:58:03,765] INFO: - 00_sistema_tesis_decisiones_2026-05-02_DEC-0031_adopcion_mission_control.md.20260504_025840.bak.gz | riesgo=critico | edad_dias=17.6 | size_kb=1.5
[2026-05-21 17:58:03,765] INFO: - 00_sistema_tesis_decisiones_2026-05-02_DEC-0032_arquitectura_ingesta_consumption_pets.md.20260504_025840.bak.gz | riesgo=critico | edad_dias=17.6 | size_kb=2.7
[2026-05-21 18:01:41,020] INFO: Detectados 12 backups en V:\Sistema_Operativo_Tesis_Posgrado\config\backups
[2026-05-21 18:01:41,022] INFO: [BACKUP-ROTATE] Modo: DRY-RUN | Archivos: 12 -> 9 | MB: 0.21 -> 0.1
[2026-05-21 18:01:41,023] INFO: [BACKUP-ROTATE] Candidatos a borrar: 3
[2026-05-21 18:01:41,023] INFO: - 00_sistema_tesis_canon_events.jsonl.20260504_025840.bak.gz | riesgo=critico | edad_dias=17.6 | size_kb=110.1
[2026-05-21 18:01:41,023] INFO: - 00_sistema_tesis_decisiones_2026-05-02_DEC-0031_adopcion_mission_control.md.20260504_025840.bak.gz | riesgo=critico | edad_dias=17.6 | size_kb=1.5
[2026-05-21 18:01:41,023] INFO: - 00_sistema_tesis_decisiones_2026-05-02_DEC-0032_arquitectura_ingesta_consumption_pets.md.20260504_025840.bak.gz | riesgo=critico | edad_dias=17.6 | size_kb=2.7
[2026-05-21 18:05:34,708] INFO: Detectados 12 backups en V:\Sistema_Operativo_Tesis_Posgrado\config\backups
[2026-05-21 18:05:34,710] INFO: [BACKUP-ROTATE] Modo: DRY-RUN | Archivos: 12 -> 9 | MB: 0.21 -> 0.1
[2026-05-21 18:05:34,710] INFO: [BACKUP-ROTATE] Candidatos a borrar: 3
[2026-05-21 18:05:34,710] INFO: - 00_sistema_tesis_canon_events.jsonl.20260504_025840.bak.gz | riesgo=critico | edad_dias=17.6 | size_kb=110.1
[2026-05-21 18:05:34,710] INFO: - 00_sistema_tesis_decisiones_2026-05-02_DEC-0031_adopcion_mission_control.md.20260504_025840.bak.gz | riesgo=critico | edad_dias=17.6 | size_kb=1.5
[2026-05-21 18:05:34,710] INFO: - 00_sistema_tesis_decisiones_2026-05-02_DEC-0032_arquitectura_ingesta_consumption_pets.md.20260504_025840.bak.gz | riesgo=critico | edad_dias=17.6 | size_kb=2.7
[2026-05-21 18:11:50,635] INFO: Detectados 12 backups en V:\Sistema_Operativo_Tesis_Posgrado\config\backups
[2026-05-21 18:11:50,637] INFO: [BACKUP-ROTATE] Modo: DRY-RUN | Archivos: 12 -> 9 | MB: 0.21 -> 0.1
[2026-05-21 18:11:50,637] INFO: [BACKUP-ROTATE] Candidatos a borrar: 3
[2026-05-21 18:11:50,637] INFO: - 00_sistema_tesis_canon_events.jsonl.20260504_025840.bak.gz | riesgo=critico | edad_dias=17.6 | size_kb=110.1
[2026-05-21 18:11:50,637] INFO: - 00_sistema_tesis_decisiones_2026-05-02_DEC-0031_adopcion_mission_control.md.20260504_025840.bak.gz | riesgo=critico | edad_dias=17.6 | size_kb=1.5
[2026-05-21 18:11:50,637] INFO: - 00_sistema_tesis_decisiones_2026-05-02_DEC-0032_arquitectura_ingesta_consumption_pets.md.20260504_025840.bak.gz | riesgo=critico | edad_dias=17.6 | size_kb=2.7
[2026-05-21 18:15:54,374] INFO: Detectados 12 backups en V:\Sistema_Operativo_Tesis_Posgrado\config\backups
[2026-05-21 18:15:54,376] INFO: [BACKUP-ROTATE] Modo: DRY-RUN | Archivos: 12 -> 9 | MB: 0.21 -> 0.1
[2026-05-21 18:15:54,376] INFO: [BACKUP-ROTATE] Candidatos a borrar: 3
[2026-05-21 18:15:54,376] INFO: - 00_sistema_tesis_canon_events.jsonl.20260504_025840.bak.gz | riesgo=critico | edad_dias=17.6 | size_kb=110.1
[2026-05-21 18:15:54,376] INFO: - 00_sistema_tesis_decisiones_2026-05-02_DEC-0031_adopcion_mission_control.md.20260504_025840.bak.gz | riesgo=critico | edad_dias=17.6 | size_kb=1.5
[2026-05-21 18:15:54,376] INFO: - 00_sistema_tesis_decisiones_2026-05-02_DEC-0032_arquitectura_ingesta_consumption_pets.md.20260504_025840.bak.gz | riesgo=critico | edad_dias=17.6 | size_kb=2.7
[2026-05-21 18:19:28,153] INFO: Detectados 12 backups en V:\Sistema_Operativo_Tesis_Posgrado\config\backups
[2026-05-21 18:19:28,156] INFO: [BACKUP-ROTATE] Modo: DRY-RUN | Archivos: 12 -> 9 | MB: 0.21 -> 0.1
[2026-05-21 18:19:28,156] INFO: [BACKUP-ROTATE] Candidatos a borrar: 3
[2026-05-21 18:19:28,156] INFO: - 00_sistema_tesis_canon_events.jsonl.20260504_025840.bak.gz | riesgo=critico | edad_dias=17.6 | size_kb=110.1
[2026-05-21 18:19:28,156] INFO: - 00_sistema_tesis_decisiones_2026-05-02_DEC-0031_adopcion_mission_control.md.20260504_025840.bak.gz | riesgo=critico | edad_dias=17.6 | size_kb=1.5
[2026-05-21 18:19:28,156] INFO: - 00_sistema_tesis_decisiones_2026-05-02_DEC-0032_arquitectura_ingesta_consumption_pets.md.20260504_025840.bak.gz | riesgo=critico | edad_dias=17.6 | size_kb=2.7
[2026-05-21 18:25:29,948] INFO: Detectados 12 backups en V:\Sistema_Operativo_Tesis_Posgrado\config\backups
[2026-05-21 18:25:29,950] INFO: [BACKUP-ROTATE] Modo: DRY-RUN | Archivos: 12 -> 9 | MB: 0.21 -> 0.1
[2026-05-21 18:25:29,950] INFO: [BACKUP-ROTATE] Candidatos a borrar: 3
[2026-05-21 18:25:29,950] INFO: - 00_sistema_tesis_canon_events.jsonl.20260504_025840.bak.gz | riesgo=critico | edad_dias=17.6 | size_kb=110.1
[2026-05-21 18:25:29,950] INFO: - 00_sistema_tesis_decisiones_2026-05-02_DEC-0031_adopcion_mission_control.md.20260504_025840.bak.gz | riesgo=critico | edad_dias=17.6 | size_kb=1.5
[2026-05-21 18:25:29,950] INFO: - 00_sistema_tesis_decisiones_2026-05-02_DEC-0032_arquitectura_ingesta_consumption_pets.md.20260504_025840.bak.gz | riesgo=critico | edad_dias=17.6 | size_kb=2.7
[2026-05-21 18:26:21,686] INFO: Detectados 12 backups en V:\Sistema_Operativo_Tesis_Posgrado\config\backups
[2026-05-21 18:26:21,690] INFO: [BACKUP-ROTATE] Modo: DRY-RUN | Archivos: 12 -> 9 | MB: 0.21 -> 0.1
[2026-05-21 18:26:21,690] INFO: [BACKUP-ROTATE] Candidatos a borrar: 3
[2026-05-21 18:26:21,690] INFO: - 00_sistema_tesis_canon_events.jsonl.20260504_025840.bak.gz | riesgo=critico | edad_dias=17.6 | size_kb=110.1
[2026-05-21 18:26:21,690] INFO: - 00_sistema_tesis_decisiones_2026-05-02_DEC-0031_adopcion_mission_control.md.20260504_025840.bak.gz | riesgo=critico | edad_dias=17.6 | size_kb=1.5
[2026-05-21 18:26:21,691] INFO: - 00_sistema_tesis_decisiones_2026-05-02_DEC-0032_arquitectura_ingesta_consumption_pets.md.20260504_025840.bak.gz | riesgo=critico | edad_dias=17.6 | size_kb=2.7
[2026-05-21 18:28:57,822] INFO: Detectados 12 backups en V:\Sistema_Operativo_Tesis_Posgrado\config\backups
[2026-05-21 18:28:57,824] INFO: [BACKUP-ROTATE] Modo: DRY-RUN | Archivos: 12 -> 9 | MB: 0.21 -> 0.1
[2026-05-21 18:28:57,824] INFO: [BACKUP-ROTATE] Candidatos a borrar: 3
[2026-05-21 18:28:57,824] INFO: - 00_sistema_tesis_canon_events.jsonl.20260504_025840.bak.gz | riesgo=critico | edad_dias=17.6 | size_kb=110.1
[2026-05-21 18:28:57,824] INFO: - 00_sistema_tesis_decisiones_2026-05-02_DEC-0031_adopcion_mission_control.md.20260504_025840.bak.gz | riesgo=critico | edad_dias=17.6 | size_kb=1.5
[2026-05-21 18:28:57,824] INFO: - 00_sistema_tesis_decisiones_2026-05-02_DEC-0032_arquitectura_ingesta_consumption_pets.md.20260504_025840.bak.gz | riesgo=critico | edad_dias=17.6 | size_kb=2.7
[2026-05-21 18:50:05,123] INFO: Detectados 12 backups en V:\Sistema_Operativo_Tesis_Posgrado\config\backups
[2026-05-21 18:50:05,126] INFO: [BACKUP-ROTATE] Modo: DRY-RUN | Archivos: 12 -> 9 | MB: 0.21 -> 0.1
[2026-05-21 18:50:05,126] INFO: [BACKUP-ROTATE] Candidatos a borrar: 3
[2026-05-21 18:50:05,126] INFO: - 00_sistema_tesis_canon_events.jsonl.20260504_025840.bak.gz | riesgo=critico | edad_dias=17.7 | size_kb=110.1
[2026-05-21 18:50:05,126] INFO: - 00_sistema_tesis_decisiones_2026-05-02_DEC-0031_adopcion_mission_control.md.20260504_025840.bak.gz | riesgo=critico | edad_dias=17.7 | size_kb=1.5
[2026-05-21 18:50:05,126] INFO: - 00_sistema_tesis_decisiones_2026-05-02_DEC-0032_arquitectura_ingesta_consumption_pets.md.20260504_025840.bak.gz | riesgo=critico | edad_dias=17.7 | size_kb=2.7
[2026-05-21 18:55:54,597] INFO: Detectados 12 backups en V:\Sistema_Operativo_Tesis_Posgrado\config\backups
[2026-05-21 18:55:54,600] INFO: [BACKUP-ROTATE] Modo: DRY-RUN | Archivos: 12 -> 9 | MB: 0.21 -> 0.1
[2026-05-21 18:55:54,600] INFO: [BACKUP-ROTATE] Candidatos a borrar: 3
[2026-05-21 18:55:54,601] INFO: - 00_sistema_tesis_canon_events.jsonl.20260504_025840.bak.gz | riesgo=critico | edad_dias=17.7 | size_kb=110.1
[2026-05-21 18:55:54,601] INFO: - 00_sistema_tesis_decisiones_2026-05-02_DEC-0031_adopcion_mission_control.md.20260504_025840.bak.gz | riesgo=critico | edad_dias=17.7 | size_kb=1.5
[2026-05-21 18:55:54,601] INFO: - 00_sistema_tesis_decisiones_2026-05-02_DEC-0032_arquitectura_ingesta_consumption_pets.md.20260504_025840.bak.gz | riesgo=critico | edad_dias=17.7 | size_kb=2.7
[2026-05-21 18:58:02,559] INFO: Detectados 12 backups en V:\Sistema_Operativo_Tesis_Posgrado\config\backups
[2026-05-21 18:58:02,562] INFO: [BACKUP-ROTATE] Modo: DRY-RUN | Archivos: 12 -> 9 | MB: 0.21 -> 0.1
[2026-05-21 18:58:02,562] INFO: [BACKUP-ROTATE] Candidatos a borrar: 3
[2026-05-21 18:58:02,562] INFO: - 00_sistema_tesis_canon_events.jsonl.20260504_025840.bak.gz | riesgo=critico | edad_dias=17.7 | size_kb=110.1
[2026-05-21 18:58:02,562] INFO: - 00_sistema_tesis_decisiones_2026-05-02_DEC-0031_adopcion_mission_control.md.20260504_025840.bak.gz | riesgo=critico | edad_dias=17.7 | size_kb=1.5
[2026-05-21 18:58:02,562] INFO: - 00_sistema_tesis_decisiones_2026-05-02_DEC-0032_arquitectura_ingesta_consumption_pets.md.20260504_025840.bak.gz | riesgo=critico | edad_dias=17.7 | size_kb=2.7
[2026-05-21 19:04:51,955] INFO: Detectados 12 backups en V:\Sistema_Operativo_Tesis_Posgrado\config\backups
[2026-05-21 19:04:51,957] INFO: [BACKUP-ROTATE] Modo: DRY-RUN | Archivos: 12 -> 9 | MB: 0.21 -> 0.1
[2026-05-21 19:04:51,957] INFO: [BACKUP-ROTATE] Candidatos a borrar: 3
[2026-05-21 19:04:51,958] INFO: - 00_sistema_tesis_canon_events.jsonl.20260504_025840.bak.gz | riesgo=critico | edad_dias=17.7 | size_kb=110.1
[2026-05-21 19:04:51,958] INFO: - 00_sistema_tesis_decisiones_2026-05-02_DEC-0031_adopcion_mission_control.md.20260504_025840.bak.gz | riesgo=critico | edad_dias=17.7 | size_kb=1.5
[2026-05-21 19:04:51,958] INFO: - 00_sistema_tesis_decisiones_2026-05-02_DEC-0032_arquitectura_ingesta_consumption_pets.md.20260504_025840.bak.gz | riesgo=critico | edad_dias=17.7 | size_kb=2.7
[2026-05-21 19:25:31,278] INFO: Detectados 12 backups en V:\Sistema_Operativo_Tesis_Posgrado\config\backups
[2026-05-21 19:25:31,281] INFO: [BACKUP-ROTATE] Modo: DRY-RUN | Archivos: 12 -> 9 | MB: 0.21 -> 0.1
[2026-05-21 19:25:31,281] INFO: [BACKUP-ROTATE] Candidatos a borrar: 3
[2026-05-21 19:25:31,281] INFO: - 00_sistema_tesis_canon_events.jsonl.20260504_025840.bak.gz | riesgo=critico | edad_dias=17.7 | size_kb=110.1
[2026-05-21 19:25:31,281] INFO: - 00_sistema_tesis_decisiones_2026-05-02_DEC-0031_adopcion_mission_control.md.20260504_025840.bak.gz | riesgo=critico | edad_dias=17.7 | size_kb=1.5
[2026-05-21 19:25:31,281] INFO: - 00_sistema_tesis_decisiones_2026-05-02_DEC-0032_arquitectura_ingesta_consumption_pets.md.20260504_025840.bak.gz | riesgo=critico | edad_dias=17.7 | size_kb=2.7
[2026-05-22 01:38:57,717] INFO: Detectados 13 backups en V:\Sistema_Operativo_Tesis_Posgrado\config\backups
[2026-05-22 01:38:57,720] INFO: [BACKUP-ROTATE] Modo: DRY-RUN | Archivos: 13 -> 9 | MB: 0.22 -> 0.11
[2026-05-22 01:38:57,720] INFO: [BACKUP-ROTATE] Candidatos a borrar: 4
[2026-05-22 01:38:57,720] INFO: - 00_sistema_tesis_canon_events.jsonl.20260504_025840.bak.gz | riesgo=critico | edad_dias=17.9 | size_kb=110.1
[2026-05-22 01:38:57,720] INFO: - 00_sistema_tesis_decisiones_2026-05-02_DEC-0031_adopcion_mission_control.md.20260504_025840.bak.gz | riesgo=critico | edad_dias=17.9 | size_kb=1.5
[2026-05-22 01:38:57,720] INFO: - 00_sistema_tesis_decisiones_2026-05-02_DEC-0032_arquitectura_ingesta_consumption_pets.md.20260504_025840.bak.gz | riesgo=critico | edad_dias=17.9 | size_kb=2.7
[2026-05-22 01:38:57,720] INFO: - Dockerfile.tablero-gobernanza.20260514_backup.bak.gz | riesgo=operativo | edad_dias=7.2 | size_kb=1.0
[2026-05-22 01:39:36,882] INFO: Detectados 13 backups en V:\Sistema_Operativo_Tesis_Posgrado\config\backups
[2026-05-22 01:39:36,884] INFO: [BACKUP-ROTATE] Modo: DRY-RUN | Archivos: 13 -> 9 | MB: 0.22 -> 0.11
[2026-05-22 01:39:36,884] INFO: [BACKUP-ROTATE] Candidatos a borrar: 4
[2026-05-22 01:39:36,884] INFO: - 00_sistema_tesis_canon_events.jsonl.20260504_025840.bak.gz | riesgo=critico | edad_dias=17.9 | size_kb=110.1
[2026-05-22 01:39:36,884] INFO: - 00_sistema_tesis_decisiones_2026-05-02_DEC-0031_adopcion_mission_control.md.20260504_025840.bak.gz | riesgo=critico | edad_dias=17.9 | size_kb=1.5
[2026-05-22 01:39:36,884] INFO: - 00_sistema_tesis_decisiones_2026-05-02_DEC-0032_arquitectura_ingesta_consumption_pets.md.20260504_025840.bak.gz | riesgo=critico | edad_dias=17.9 | size_kb=2.7
[2026-05-22 01:39:36,884] INFO: - Dockerfile.tablero-gobernanza.20260514_backup.bak.gz | riesgo=operativo | edad_dias=7.2 | size_kb=1.0
[2026-05-22 01:44:01,407] INFO: Detectados 13 backups en V:\Sistema_Operativo_Tesis_Posgrado\config\backups
[2026-05-22 01:44:01,409] INFO: [BACKUP-ROTATE] Modo: DRY-RUN | Archivos: 13 -> 9 | MB: 0.22 -> 0.11
[2026-05-22 01:44:01,409] INFO: [BACKUP-ROTATE] Candidatos a borrar: 4
[2026-05-22 01:44:01,409] INFO: - 00_sistema_tesis_canon_events.jsonl.20260504_025840.bak.gz | riesgo=critico | edad_dias=17.9 | size_kb=110.1
[2026-05-22 01:44:01,409] INFO: - 00_sistema_tesis_decisiones_2026-05-02_DEC-0031_adopcion_mission_control.md.20260504_025840.bak.gz | riesgo=critico | edad_dias=17.9 | size_kb=1.5
[2026-05-22 01:44:01,409] INFO: - 00_sistema_tesis_decisiones_2026-05-02_DEC-0032_arquitectura_ingesta_consumption_pets.md.20260504_025840.bak.gz | riesgo=critico | edad_dias=17.9 | size_kb=2.7
[2026-05-22 01:44:01,409] INFO: - Dockerfile.tablero-gobernanza.20260514_backup.bak.gz | riesgo=operativo | edad_dias=7.2 | size_kb=1.0
[2026-05-22 01:44:20,257] INFO: Detectados 13 backups en V:\Sistema_Operativo_Tesis_Posgrado\config\backups
[2026-05-22 01:44:20,259] INFO: [BACKUP-ROTATE] Modo: DRY-RUN | Archivos: 13 -> 9 | MB: 0.22 -> 0.11
[2026-05-22 01:44:20,259] INFO: [BACKUP-ROTATE] Candidatos a borrar: 4
[2026-05-22 01:44:20,259] INFO: - 00_sistema_tesis_canon_events.jsonl.20260504_025840.bak.gz | riesgo=critico | edad_dias=17.9 | size_kb=110.1
[2026-05-22 01:44:20,259] INFO: - 00_sistema_tesis_decisiones_2026-05-02_DEC-0031_adopcion_mission_control.md.20260504_025840.bak.gz | riesgo=critico | edad_dias=17.9 | size_kb=1.5
[2026-05-22 01:44:20,259] INFO: - 00_sistema_tesis_decisiones_2026-05-02_DEC-0032_arquitectura_ingesta_consumption_pets.md.20260504_025840.bak.gz | riesgo=critico | edad_dias=17.9 | size_kb=2.7
[2026-05-22 01:44:20,259] INFO: - Dockerfile.tablero-gobernanza.20260514_backup.bak.gz | riesgo=operativo | edad_dias=7.2 | size_kb=1.0
[2026-05-22 01:44:37,176] INFO: Detectados 13 backups en V:\Sistema_Operativo_Tesis_Posgrado\config\backups
[2026-05-22 01:44:37,179] INFO: [BACKUP-ROTATE] Modo: DRY-RUN | Archivos: 13 -> 9 | MB: 0.22 -> 0.11
[2026-05-22 01:44:37,179] INFO: [BACKUP-ROTATE] Candidatos a borrar: 4
[2026-05-22 01:44:37,179] INFO: - 00_sistema_tesis_canon_events.jsonl.20260504_025840.bak.gz | riesgo=critico | edad_dias=17.9 | size_kb=110.1
[2026-05-22 01:44:37,179] INFO: - 00_sistema_tesis_decisiones_2026-05-02_DEC-0031_adopcion_mission_control.md.20260504_025840.bak.gz | riesgo=critico | edad_dias=17.9 | size_kb=1.5
[2026-05-22 01:44:37,179] INFO: - 00_sistema_tesis_decisiones_2026-05-02_DEC-0032_arquitectura_ingesta_consumption_pets.md.20260504_025840.bak.gz | riesgo=critico | edad_dias=17.9 | size_kb=2.7
[2026-05-22 01:44:37,179] INFO: - Dockerfile.tablero-gobernanza.20260514_backup.bak.gz | riesgo=operativo | edad_dias=7.2 | size_kb=1.0
[2026-05-22 01:45:55,489] INFO: Detectados 13 backups en V:\Sistema_Operativo_Tesis_Posgrado\config\backups
[2026-05-22 01:45:55,491] INFO: [BACKUP-ROTATE] Modo: DRY-RUN | Archivos: 13 -> 9 | MB: 0.22 -> 0.11
[2026-05-22 01:45:55,491] INFO: [BACKUP-ROTATE] Candidatos a borrar: 4
[2026-05-22 01:45:55,491] INFO: - 00_sistema_tesis_canon_events.jsonl.20260504_025840.bak.gz | riesgo=critico | edad_dias=17.9 | size_kb=110.1
[2026-05-22 01:45:55,491] INFO: - 00_sistema_tesis_decisiones_2026-05-02_DEC-0031_adopcion_mission_control.md.20260504_025840.bak.gz | riesgo=critico | edad_dias=17.9 | size_kb=1.5
[2026-05-22 01:45:55,491] INFO: - 00_sistema_tesis_decisiones_2026-05-02_DEC-0032_arquitectura_ingesta_consumption_pets.md.20260504_025840.bak.gz | riesgo=critico | edad_dias=17.9 | size_kb=2.7
[2026-05-22 01:45:55,491] INFO: - Dockerfile.tablero-gobernanza.20260514_backup.bak.gz | riesgo=operativo | edad_dias=7.2 | size_kb=1.0
[2026-05-22 01:47:12,659] INFO: Detectados 13 backups en V:\Sistema_Operativo_Tesis_Posgrado\config\backups
[2026-05-22 01:47:12,660] INFO: [BACKUP-ROTATE] Modo: DRY-RUN | Archivos: 13 -> 9 | MB: 0.22 -> 0.11
[2026-05-22 01:47:12,661] INFO: [BACKUP-ROTATE] Candidatos a borrar: 4
[2026-05-22 01:47:12,661] INFO: - 00_sistema_tesis_canon_events.jsonl.20260504_025840.bak.gz | riesgo=critico | edad_dias=18.0 | size_kb=110.1
[2026-05-22 01:47:12,661] INFO: - 00_sistema_tesis_decisiones_2026-05-02_DEC-0031_adopcion_mission_control.md.20260504_025840.bak.gz | riesgo=critico | edad_dias=18.0 | size_kb=1.5
[2026-05-22 01:47:12,661] INFO: - 00_sistema_tesis_decisiones_2026-05-02_DEC-0032_arquitectura_ingesta_consumption_pets.md.20260504_025840.bak.gz | riesgo=critico | edad_dias=18.0 | size_kb=2.7
[2026-05-22 01:47:12,661] INFO: - Dockerfile.tablero-gobernanza.20260514_backup.bak.gz | riesgo=operativo | edad_dias=7.2 | size_kb=1.0
[2026-05-22 02:20:21,275] INFO: Detectados 13 backups en V:\Sistema_Operativo_Tesis_Posgrado\config\backups
[2026-05-22 02:20:21,277] INFO: [BACKUP-ROTATE] Modo: DRY-RUN | Archivos: 13 -> 9 | MB: 0.22 -> 0.11
[2026-05-22 02:20:21,277] INFO: [BACKUP-ROTATE] Candidatos a borrar: 4
[2026-05-22 02:20:21,278] INFO: - 00_sistema_tesis_canon_events.jsonl.20260504_025840.bak.gz | riesgo=critico | edad_dias=18.0 | size_kb=110.1
[2026-05-22 02:20:21,278] INFO: - 00_sistema_tesis_decisiones_2026-05-02_DEC-0031_adopcion_mission_control.md.20260504_025840.bak.gz | riesgo=critico | edad_dias=18.0 | size_kb=1.5
[2026-05-22 02:20:21,278] INFO: - 00_sistema_tesis_decisiones_2026-05-02_DEC-0032_arquitectura_ingesta_consumption_pets.md.20260504_025840.bak.gz | riesgo=critico | edad_dias=18.0 | size_kb=2.7
[2026-05-22 02:20:21,278] INFO: - Dockerfile.tablero-gobernanza.20260514_backup.bak.gz | riesgo=operativo | edad_dias=7.2 | size_kb=1.0
[2026-05-24 19:17:02,637] INFO: Detectados 13 backups en V:\Sistema_Operativo_Tesis_Posgrado\config\backups
[2026-05-24 19:17:02,640] INFO: [BACKUP-ROTATE] Modo: DRY-RUN | Archivos: 13 -> 9 | MB: 0.22 -> 0.11
[2026-05-24 19:17:02,641] INFO: [BACKUP-ROTATE] Candidatos a borrar: 4
[2026-05-24 19:17:02,641] INFO: - 00_sistema_tesis_canon_events.jsonl.20260504_025840.bak.gz | riesgo=critico | edad_dias=20.7 | size_kb=110.1
[2026-05-24 19:17:02,641] INFO: - 00_sistema_tesis_decisiones_2026-05-02_DEC-0031_adopcion_mission_control.md.20260504_025840.bak.gz | riesgo=critico | edad_dias=20.7 | size_kb=1.5
[2026-05-24 19:17:02,641] INFO: - 00_sistema_tesis_decisiones_2026-05-02_DEC-0032_arquitectura_ingesta_consumption_pets.md.20260504_025840.bak.gz | riesgo=critico | edad_dias=20.7 | size_kb=2.7
[2026-05-24 19:17:02,641] INFO: - Dockerfile.tablero-gobernanza.20260514_backup.bak.gz | riesgo=operativo | edad_dias=9.9 | size_kb=1.0
[2026-05-24 19:17:34,104] INFO: Detectados 13 backups en V:\Sistema_Operativo_Tesis_Posgrado\config\backups
[2026-05-24 19:17:34,107] INFO: [BACKUP-ROTATE] Modo: DRY-RUN | Archivos: 13 -> 9 | MB: 0.22 -> 0.11
[2026-05-24 19:17:34,107] INFO: [BACKUP-ROTATE] Candidatos a borrar: 4
[2026-05-24 19:17:34,107] INFO: - 00_sistema_tesis_canon_events.jsonl.20260504_025840.bak.gz | riesgo=critico | edad_dias=20.7 | size_kb=110.1
[2026-05-24 19:17:34,107] INFO: - 00_sistema_tesis_decisiones_2026-05-02_DEC-0031_adopcion_mission_control.md.20260504_025840.bak.gz | riesgo=critico | edad_dias=20.7 | size_kb=1.5
[2026-05-24 19:17:34,107] INFO: - 00_sistema_tesis_decisiones_2026-05-02_DEC-0032_arquitectura_ingesta_consumption_pets.md.20260504_025840.bak.gz | riesgo=critico | edad_dias=20.7 | size_kb=2.7
[2026-05-24 19:17:34,107] INFO: - Dockerfile.tablero-gobernanza.20260514_backup.bak.gz | riesgo=operativo | edad_dias=9.9 | size_kb=1.0
[2026-05-24 19:17:50,067] INFO: Detectados 13 backups en V:\Sistema_Operativo_Tesis_Posgrado\config\backups
[2026-05-24 19:17:50,068] INFO: [BACKUP-ROTATE] Modo: DRY-RUN | Archivos: 13 -> 9 | MB: 0.22 -> 0.11
[2026-05-24 19:17:50,068] INFO: [BACKUP-ROTATE] Candidatos a borrar: 4
[2026-05-24 19:17:50,068] INFO: - 00_sistema_tesis_canon_events.jsonl.20260504_025840.bak.gz | riesgo=critico | edad_dias=20.7 | size_kb=110.1
[2026-05-24 19:17:50,068] INFO: - 00_sistema_tesis_decisiones_2026-05-02_DEC-0031_adopcion_mission_control.md.20260504_025840.bak.gz | riesgo=critico | edad_dias=20.7 | size_kb=1.5
[2026-05-24 19:17:50,068] INFO: - 00_sistema_tesis_decisiones_2026-05-02_DEC-0032_arquitectura_ingesta_consumption_pets.md.20260504_025840.bak.gz | riesgo=critico | edad_dias=20.7 | size_kb=2.7
[2026-05-24 19:17:50,068] INFO: - Dockerfile.tablero-gobernanza.20260514_backup.bak.gz | riesgo=operativo | edad_dias=9.9 | size_kb=1.0
[2026-05-24 19:19:50,861] INFO: Detectados 13 backups en V:\Sistema_Operativo_Tesis_Posgrado\config\backups
[2026-05-24 19:19:50,865] INFO: [BACKUP-ROTATE] Modo: DRY-RUN | Archivos: 13 -> 9 | MB: 0.22 -> 0.11
[2026-05-24 19:19:50,865] INFO: [BACKUP-ROTATE] Candidatos a borrar: 4
[2026-05-24 19:19:50,865] INFO: - 00_sistema_tesis_canon_events.jsonl.20260504_025840.bak.gz | riesgo=critico | edad_dias=20.7 | size_kb=110.1
[2026-05-24 19:19:50,865] INFO: - 00_sistema_tesis_decisiones_2026-05-02_DEC-0031_adopcion_mission_control.md.20260504_025840.bak.gz | riesgo=critico | edad_dias=20.7 | size_kb=1.5
[2026-05-24 19:19:50,865] INFO: - 00_sistema_tesis_decisiones_2026-05-02_DEC-0032_arquitectura_ingesta_consumption_pets.md.20260504_025840.bak.gz | riesgo=critico | edad_dias=20.7 | size_kb=2.7
[2026-05-24 19:19:50,865] INFO: - Dockerfile.tablero-gobernanza.20260514_backup.bak.gz | riesgo=operativo | edad_dias=9.9 | size_kb=1.0
[2026-05-24 19:20:25,480] INFO: Detectados 13 backups en V:\Sistema_Operativo_Tesis_Posgrado\config\backups
[2026-05-24 19:20:25,482] INFO: [BACKUP-ROTATE] Modo: DRY-RUN | Archivos: 13 -> 9 | MB: 0.22 -> 0.11
[2026-05-24 19:20:25,482] INFO: [BACKUP-ROTATE] Candidatos a borrar: 4
[2026-05-24 19:20:25,482] INFO: - 00_sistema_tesis_canon_events.jsonl.20260504_025840.bak.gz | riesgo=critico | edad_dias=20.7 | size_kb=110.1
[2026-05-24 19:20:25,482] INFO: - 00_sistema_tesis_decisiones_2026-05-02_DEC-0031_adopcion_mission_control.md.20260504_025840.bak.gz | riesgo=critico | edad_dias=20.7 | size_kb=1.5
[2026-05-24 19:20:25,482] INFO: - 00_sistema_tesis_decisiones_2026-05-02_DEC-0032_arquitectura_ingesta_consumption_pets.md.20260504_025840.bak.gz | riesgo=critico | edad_dias=20.7 | size_kb=2.7
[2026-05-24 19:20:25,482] INFO: - Dockerfile.tablero-gobernanza.20260514_backup.bak.gz | riesgo=operativo | edad_dias=9.9 | size_kb=1.0
[2026-05-24 19:21:56,274] INFO: Detectados 13 backups en V:\Sistema_Operativo_Tesis_Posgrado\config\backups
[2026-05-24 19:21:56,276] INFO: [BACKUP-ROTATE] Modo: DRY-RUN | Archivos: 13 -> 9 | MB: 0.22 -> 0.11
[2026-05-24 19:21:56,276] INFO: [BACKUP-ROTATE] Candidatos a borrar: 4
[2026-05-24 19:21:56,277] INFO: - 00_sistema_tesis_canon_events.jsonl.20260504_025840.bak.gz | riesgo=critico | edad_dias=20.7 | size_kb=110.1
[2026-05-24 19:21:56,277] INFO: - 00_sistema_tesis_decisiones_2026-05-02_DEC-0031_adopcion_mission_control.md.20260504_025840.bak.gz | riesgo=critico | edad_dias=20.7 | size_kb=1.5
[2026-05-24 19:21:56,277] INFO: - 00_sistema_tesis_decisiones_2026-05-02_DEC-0032_arquitectura_ingesta_consumption_pets.md.20260504_025840.bak.gz | riesgo=critico | edad_dias=20.7 | size_kb=2.7
[2026-05-24 19:21:56,277] INFO: - Dockerfile.tablero-gobernanza.20260514_backup.bak.gz | riesgo=operativo | edad_dias=9.9 | size_kb=1.0
[2026-05-24 22:30:49,246] INFO: Detectados 13 backups en V:\Sistema_Operativo_Tesis_Posgrado\config\backups
[2026-05-24 22:30:49,248] INFO: [BACKUP-ROTATE] Modo: DRY-RUN | Archivos: 13 -> 9 | MB: 0.22 -> 0.11
[2026-05-24 22:30:49,248] INFO: [BACKUP-ROTATE] Candidatos a borrar: 4
[2026-05-24 22:30:49,248] INFO: - 00_sistema_tesis_canon_events.jsonl.20260504_025840.bak.gz | riesgo=critico | edad_dias=20.8 | size_kb=110.1
[2026-05-24 22:30:49,248] INFO: - 00_sistema_tesis_decisiones_2026-05-02_DEC-0031_adopcion_mission_control.md.20260504_025840.bak.gz | riesgo=critico | edad_dias=20.8 | size_kb=1.5
[2026-05-24 22:30:49,248] INFO: - 00_sistema_tesis_decisiones_2026-05-02_DEC-0032_arquitectura_ingesta_consumption_pets.md.20260504_025840.bak.gz | riesgo=critico | edad_dias=20.8 | size_kb=2.7
[2026-05-24 22:30:49,248] INFO: - Dockerfile.tablero-gobernanza.20260514_backup.bak.gz | riesgo=operativo | edad_dias=10.1 | size_kb=1.0
[2026-05-24 22:44:11,759] INFO: Detectados 13 backups en V:\Sistema_Operativo_Tesis_Posgrado\config\backups
[2026-05-24 22:44:11,761] INFO: [BACKUP-ROTATE] Modo: DRY-RUN | Archivos: 13 -> 9 | MB: 0.22 -> 0.11
[2026-05-24 22:44:11,762] INFO: [BACKUP-ROTATE] Candidatos a borrar: 4
[2026-05-24 22:44:11,762] INFO: - 00_sistema_tesis_canon_events.jsonl.20260504_025840.bak.gz | riesgo=critico | edad_dias=20.8 | size_kb=110.1
[2026-05-24 22:44:11,762] INFO: - 00_sistema_tesis_decisiones_2026-05-02_DEC-0031_adopcion_mission_control.md.20260504_025840.bak.gz | riesgo=critico | edad_dias=20.8 | size_kb=1.5
[2026-05-24 22:44:11,762] INFO: - 00_sistema_tesis_decisiones_2026-05-02_DEC-0032_arquitectura_ingesta_consumption_pets.md.20260504_025840.bak.gz | riesgo=critico | edad_dias=20.8 | size_kb=2.7
[2026-05-24 22:44:11,762] INFO: - Dockerfile.tablero-gobernanza.20260514_backup.bak.gz | riesgo=operativo | edad_dias=10.1 | size_kb=1.0
[2026-05-24 22:44:56,430] INFO: Detectados 13 backups en V:\Sistema_Operativo_Tesis_Posgrado\config\backups
[2026-05-24 22:44:56,432] INFO: [BACKUP-ROTATE] Modo: DRY-RUN | Archivos: 13 -> 9 | MB: 0.22 -> 0.11
[2026-05-24 22:44:56,432] INFO: [BACKUP-ROTATE] Candidatos a borrar: 4
[2026-05-24 22:44:56,432] INFO: - 00_sistema_tesis_canon_events.jsonl.20260504_025840.bak.gz | riesgo=critico | edad_dias=20.8 | size_kb=110.1
[2026-05-24 22:44:56,432] INFO: - 00_sistema_tesis_decisiones_2026-05-02_DEC-0031_adopcion_mission_control.md.20260504_025840.bak.gz | riesgo=critico | edad_dias=20.8 | size_kb=1.5
[2026-05-24 22:44:56,432] INFO: - 00_sistema_tesis_decisiones_2026-05-02_DEC-0032_arquitectura_ingesta_consumption_pets.md.20260504_025840.bak.gz | riesgo=critico | edad_dias=20.8 | size_kb=2.7
[2026-05-24 22:44:56,432] INFO: - Dockerfile.tablero-gobernanza.20260514_backup.bak.gz | riesgo=operativo | edad_dias=10.1 | size_kb=1.0
[2026-05-24 23:13:07,495] INFO: Detectados 13 backups en V:\Sistema_Operativo_Tesis_Posgrado\config\backups
[2026-05-24 23:13:07,497] INFO: [BACKUP-ROTATE] Modo: DRY-RUN | Archivos: 13 -> 9 | MB: 0.22 -> 0.11
[2026-05-24 23:13:07,497] INFO: [BACKUP-ROTATE] Candidatos a borrar: 4
[2026-05-24 23:13:07,497] INFO: - 00_sistema_tesis_canon_events.jsonl.20260504_025840.bak.gz | riesgo=critico | edad_dias=20.8 | size_kb=110.1
[2026-05-24 23:13:07,497] INFO: - 00_sistema_tesis_decisiones_2026-05-02_DEC-0031_adopcion_mission_control.md.20260504_025840.bak.gz | riesgo=critico | edad_dias=20.8 | size_kb=1.5
[2026-05-24 23:13:07,497] INFO: - 00_sistema_tesis_decisiones_2026-05-02_DEC-0032_arquitectura_ingesta_consumption_pets.md.20260504_025840.bak.gz | riesgo=critico | edad_dias=20.8 | size_kb=2.7
[2026-05-24 23:13:07,497] INFO: - Dockerfile.tablero-gobernanza.20260514_backup.bak.gz | riesgo=operativo | edad_dias=10.1 | size_kb=1.0
[2026-05-24 23:13:57,176] INFO: Detectados 13 backups en V:\Sistema_Operativo_Tesis_Posgrado\config\backups
[2026-05-24 23:13:57,178] INFO: [BACKUP-ROTATE] Modo: DRY-RUN | Archivos: 13 -> 9 | MB: 0.22 -> 0.11
[2026-05-24 23:13:57,178] INFO: [BACKUP-ROTATE] Candidatos a borrar: 4
[2026-05-24 23:13:57,178] INFO: - 00_sistema_tesis_canon_events.jsonl.20260504_025840.bak.gz | riesgo=critico | edad_dias=20.8 | size_kb=110.1
[2026-05-24 23:13:57,178] INFO: - 00_sistema_tesis_decisiones_2026-05-02_DEC-0031_adopcion_mission_control.md.20260504_025840.bak.gz | riesgo=critico | edad_dias=20.8 | size_kb=1.5
[2026-05-24 23:13:57,179] INFO: - 00_sistema_tesis_decisiones_2026-05-02_DEC-0032_arquitectura_ingesta_consumption_pets.md.20260504_025840.bak.gz | riesgo=critico | edad_dias=20.8 | size_kb=2.7
[2026-05-24 23:13:57,179] INFO: - Dockerfile.tablero-gobernanza.20260514_backup.bak.gz | riesgo=operativo | edad_dias=10.1 | size_kb=1.0
[2026-05-24 23:14:59,143] INFO: Detectados 13 backups en V:\Sistema_Operativo_Tesis_Posgrado\config\backups
[2026-05-24 23:14:59,145] INFO: [BACKUP-ROTATE] Modo: DRY-RUN | Archivos: 13 -> 9 | MB: 0.22 -> 0.11
[2026-05-24 23:14:59,145] INFO: [BACKUP-ROTATE] Candidatos a borrar: 4
[2026-05-24 23:14:59,145] INFO: - 00_sistema_tesis_canon_events.jsonl.20260504_025840.bak.gz | riesgo=critico | edad_dias=20.8 | size_kb=110.1
[2026-05-24 23:14:59,145] INFO: - 00_sistema_tesis_decisiones_2026-05-02_DEC-0031_adopcion_mission_control.md.20260504_025840.bak.gz | riesgo=critico | edad_dias=20.8 | size_kb=1.5
[2026-05-24 23:14:59,145] INFO: - 00_sistema_tesis_decisiones_2026-05-02_DEC-0032_arquitectura_ingesta_consumption_pets.md.20260504_025840.bak.gz | riesgo=critico | edad_dias=20.8 | size_kb=2.7
[2026-05-24 23:14:59,145] INFO: - Dockerfile.tablero-gobernanza.20260514_backup.bak.gz | riesgo=operativo | edad_dias=10.1 | size_kb=1.0
[2026-05-24 23:33:47,159] INFO: Detectados 13 backups en V:\Sistema_Operativo_Tesis_Posgrado\config\backups
[2026-05-24 23:33:47,162] INFO: [BACKUP-ROTATE] Modo: DRY-RUN | Archivos: 13 -> 9 | MB: 0.22 -> 0.11
[2026-05-24 23:33:47,162] INFO: [BACKUP-ROTATE] Candidatos a borrar: 4
[2026-05-24 23:33:47,162] INFO: - 00_sistema_tesis_canon_events.jsonl.20260504_025840.bak.gz | riesgo=critico | edad_dias=20.9 | size_kb=110.1
[2026-05-24 23:33:47,162] INFO: - 00_sistema_tesis_decisiones_2026-05-02_DEC-0031_adopcion_mission_control.md.20260504_025840.bak.gz | riesgo=critico | edad_dias=20.9 | size_kb=1.5
[2026-05-24 23:33:47,162] INFO: - 00_sistema_tesis_decisiones_2026-05-02_DEC-0032_arquitectura_ingesta_consumption_pets.md.20260504_025840.bak.gz | riesgo=critico | edad_dias=20.9 | size_kb=2.7
[2026-05-24 23:33:47,162] INFO: - Dockerfile.tablero-gobernanza.20260514_backup.bak.gz | riesgo=operativo | edad_dias=10.1 | size_kb=1.0
[2026-05-25 22:45:31,119] INFO: Detectados 13 backups en V:\Sistema_Operativo_Tesis_Posgrado\config\backups
[2026-05-25 22:45:31,121] INFO: [BACKUP-ROTATE] Modo: DRY-RUN | Archivos: 13 -> 9 | MB: 0.22 -> 0.11
[2026-05-25 22:45:31,121] INFO: [BACKUP-ROTATE] Candidatos a borrar: 4
[2026-05-25 22:45:31,121] INFO: - 00_sistema_tesis_canon_events.jsonl.20260504_025840.bak.gz | riesgo=critico | edad_dias=21.8 | size_kb=110.1
[2026-05-25 22:45:31,121] INFO: - 00_sistema_tesis_decisiones_2026-05-02_DEC-0031_adopcion_mission_control.md.20260504_025840.bak.gz | riesgo=critico | edad_dias=21.8 | size_kb=1.5
[2026-05-25 22:45:31,121] INFO: - 00_sistema_tesis_decisiones_2026-05-02_DEC-0032_arquitectura_ingesta_consumption_pets.md.20260504_025840.bak.gz | riesgo=critico | edad_dias=21.8 | size_kb=2.7
[2026-05-25 22:45:31,121] INFO: - Dockerfile.tablero-gobernanza.20260514_backup.bak.gz | riesgo=operativo | edad_dias=11.1 | size_kb=1.0
[2026-05-26 12:08:56,803] INFO: Detectados 13 backups en V:\Sistema_Operativo_Tesis_Posgrado\config\backups
[2026-05-26 12:08:56,805] INFO: [BACKUP-ROTATE] Modo: DRY-RUN | Archivos: 13 -> 9 | MB: 0.22 -> 0.11
[2026-05-26 12:08:56,805] INFO: [BACKUP-ROTATE] Candidatos a borrar: 4
[2026-05-26 12:08:56,805] INFO: - 00_sistema_tesis_canon_events.jsonl.20260504_025840.bak.gz | riesgo=critico | edad_dias=22.4 | size_kb=110.1
[2026-05-26 12:08:56,805] INFO: - 00_sistema_tesis_decisiones_2026-05-02_DEC-0031_adopcion_mission_control.md.20260504_025840.bak.gz | riesgo=critico | edad_dias=22.4 | size_kb=1.5
[2026-05-26 12:08:56,805] INFO: - 00_sistema_tesis_decisiones_2026-05-02_DEC-0032_arquitectura_ingesta_consumption_pets.md.20260504_025840.bak.gz | riesgo=critico | edad_dias=22.4 | size_kb=2.7
[2026-05-26 12:08:56,805] INFO: - Dockerfile.tablero-gobernanza.20260514_backup.bak.gz | riesgo=operativo | edad_dias=11.6 | size_kb=1.0
[2026-05-26 12:11:13,444] INFO: Detectados 13 backups en V:\Sistema_Operativo_Tesis_Posgrado\config\backups
[2026-05-26 12:11:13,446] INFO: [BACKUP-ROTATE] Modo: DRY-RUN | Archivos: 13 -> 9 | MB: 0.22 -> 0.11
[2026-05-26 12:11:13,446] INFO: [BACKUP-ROTATE] Candidatos a borrar: 4
[2026-05-26 12:11:13,446] INFO: - 00_sistema_tesis_canon_events.jsonl.20260504_025840.bak.gz | riesgo=critico | edad_dias=22.4 | size_kb=110.1
[2026-05-26 12:11:13,446] INFO: - 00_sistema_tesis_decisiones_2026-05-02_DEC-0031_adopcion_mission_control.md.20260504_025840.bak.gz | riesgo=critico | edad_dias=22.4 | size_kb=1.5
[2026-05-26 12:11:13,446] INFO: - 00_sistema_tesis_decisiones_2026-05-02_DEC-0032_arquitectura_ingesta_consumption_pets.md.20260504_025840.bak.gz | riesgo=critico | edad_dias=22.4 | size_kb=2.7
[2026-05-26 12:11:13,446] INFO: - Dockerfile.tablero-gobernanza.20260514_backup.bak.gz | riesgo=operativo | edad_dias=11.6 | size_kb=1.0
[2026-05-26 12:12:56,592] INFO: Detectados 13 backups en V:\Sistema_Operativo_Tesis_Posgrado\config\backups
[2026-05-26 12:12:56,594] INFO: [BACKUP-ROTATE] Modo: DRY-RUN | Archivos: 13 -> 9 | MB: 0.22 -> 0.11
[2026-05-26 12:12:56,594] INFO: [BACKUP-ROTATE] Candidatos a borrar: 4
[2026-05-26 12:12:56,595] INFO: - 00_sistema_tesis_canon_events.jsonl.20260504_025840.bak.gz | riesgo=critico | edad_dias=22.4 | size_kb=110.1
[2026-05-26 12:12:56,595] INFO: - 00_sistema_tesis_decisiones_2026-05-02_DEC-0031_adopcion_mission_control.md.20260504_025840.bak.gz | riesgo=critico | edad_dias=22.4 | size_kb=1.5
[2026-05-26 12:12:56,595] INFO: - 00_sistema_tesis_decisiones_2026-05-02_DEC-0032_arquitectura_ingesta_consumption_pets.md.20260504_025840.bak.gz | riesgo=critico | edad_dias=22.4 | size_kb=2.7
[2026-05-26 12:12:56,595] INFO: - Dockerfile.tablero-gobernanza.20260514_backup.bak.gz | riesgo=operativo | edad_dias=11.6 | size_kb=1.0
[2026-05-26 17:48:46,940] INFO: Detectados 13 backups en V:\Sistema_Operativo_Tesis_Posgrado\config\backups
[2026-05-26 17:48:46,942] INFO: [BACKUP-ROTATE] Modo: DRY-RUN | Archivos: 13 -> 9 | MB: 0.22 -> 0.11
[2026-05-26 17:48:46,942] INFO: [BACKUP-ROTATE] Candidatos a borrar: 4
[2026-05-26 17:48:46,942] INFO: - 00_sistema_tesis_canon_events.jsonl.20260504_025840.bak.gz | riesgo=critico | edad_dias=22.6 | size_kb=110.1
[2026-05-26 17:48:46,942] INFO: - 00_sistema_tesis_decisiones_2026-05-02_DEC-0031_adopcion_mission_control.md.20260504_025840.bak.gz | riesgo=critico | edad_dias=22.6 | size_kb=1.5
[2026-05-26 17:48:46,942] INFO: - 00_sistema_tesis_decisiones_2026-05-02_DEC-0032_arquitectura_ingesta_consumption_pets.md.20260504_025840.bak.gz | riesgo=critico | edad_dias=22.6 | size_kb=2.7
[2026-05-26 17:48:46,942] INFO: - Dockerfile.tablero-gobernanza.20260514_backup.bak.gz | riesgo=operativo | edad_dias=11.9 | size_kb=1.0
[2026-05-26 23:42:25,153] INFO: Detectados 13 backups en V:\Sistema_Operativo_Tesis_Posgrado\config\backups
[2026-05-26 23:42:25,156] INFO: [BACKUP-ROTATE] Modo: DRY-RUN | Archivos: 13 -> 9 | MB: 0.22 -> 0.11
[2026-05-26 23:42:25,156] INFO: [BACKUP-ROTATE] Candidatos a borrar: 4
[2026-05-26 23:42:25,156] INFO: - 00_sistema_tesis_canon_events.jsonl.20260504_025840.bak.gz | riesgo=critico | edad_dias=22.9 | size_kb=110.1
[2026-05-26 23:42:25,156] INFO: - 00_sistema_tesis_decisiones_2026-05-02_DEC-0031_adopcion_mission_control.md.20260504_025840.bak.gz | riesgo=critico | edad_dias=22.9 | size_kb=1.5
[2026-05-26 23:42:25,156] INFO: - 00_sistema_tesis_decisiones_2026-05-02_DEC-0032_arquitectura_ingesta_consumption_pets.md.20260504_025840.bak.gz | riesgo=critico | edad_dias=22.9 | size_kb=2.7
[2026-05-26 23:42:25,156] INFO: - Dockerfile.tablero-gobernanza.20260514_backup.bak.gz | riesgo=operativo | edad_dias=12.1 | size_kb=1.0
[2026-05-27 04:14:02,326] INFO: Detectados 13 backups en V:\Sistema_Operativo_Tesis_Posgrado\config\backups
[2026-05-27 04:14:02,330] INFO: [BACKUP-ROTATE] Modo: DRY-RUN | Archivos: 13 -> 9 | MB: 0.22 -> 0.11
[2026-05-27 04:14:02,330] INFO: [BACKUP-ROTATE] Candidatos a borrar: 4
[2026-05-27 04:14:02,330] INFO: - 00_sistema_tesis_canon_events.jsonl.20260504_025840.bak.gz | riesgo=critico | edad_dias=23.1 | size_kb=110.1
[2026-05-27 04:14:02,330] INFO: - 00_sistema_tesis_decisiones_2026-05-02_DEC-0031_adopcion_mission_control.md.20260504_025840.bak.gz | riesgo=critico | edad_dias=23.1 | size_kb=1.5
[2026-05-27 04:14:02,330] INFO: - 00_sistema_tesis_decisiones_2026-05-02_DEC-0032_arquitectura_ingesta_consumption_pets.md.20260504_025840.bak.gz | riesgo=critico | edad_dias=23.1 | size_kb=2.7
[2026-05-27 04:14:02,330] INFO: - Dockerfile.tablero-gobernanza.20260514_backup.bak.gz | riesgo=operativo | edad_dias=12.3 | size_kb=1.0
[2026-05-27 04:50:07,257] INFO: Detectados 13 backups en V:\Sistema_Operativo_Tesis_Posgrado\config\backups
[2026-05-27 04:50:07,259] INFO: [BACKUP-ROTATE] Modo: DRY-RUN | Archivos: 13 -> 9 | MB: 0.22 -> 0.11
[2026-05-27 04:50:07,259] INFO: [BACKUP-ROTATE] Candidatos a borrar: 4
[2026-05-27 04:50:07,259] INFO: - 00_sistema_tesis_canon_events.jsonl.20260504_025840.bak.gz | riesgo=critico | edad_dias=23.1 | size_kb=110.1
[2026-05-27 04:50:07,259] INFO: - 00_sistema_tesis_decisiones_2026-05-02_DEC-0031_adopcion_mission_control.md.20260504_025840.bak.gz | riesgo=critico | edad_dias=23.1 | size_kb=1.5
[2026-05-27 04:50:07,260] INFO: - 00_sistema_tesis_decisiones_2026-05-02_DEC-0032_arquitectura_ingesta_consumption_pets.md.20260504_025840.bak.gz | riesgo=critico | edad_dias=23.1 | size_kb=2.7
[2026-05-27 04:50:07,260] INFO: - Dockerfile.tablero-gobernanza.20260514_backup.bak.gz | riesgo=operativo | edad_dias=12.3 | size_kb=1.0
[2026-05-27 18:23:28,823] INFO: Detectados 13 backups en V:\Sistema_Operativo_Tesis_Posgrado\config\backups
[2026-05-27 18:23:28,826] INFO: [BACKUP-ROTATE] Modo: DRY-RUN | Archivos: 13 -> 9 | MB: 0.22 -> 0.11
[2026-05-27 18:23:28,826] INFO: [BACKUP-ROTATE] Candidatos a borrar: 4
[2026-05-27 18:23:28,826] INFO: - 00_sistema_tesis_canon_events.jsonl.20260504_025840.bak.gz | riesgo=critico | edad_dias=23.6 | size_kb=110.1
[2026-05-27 18:23:28,826] INFO: - 00_sistema_tesis_decisiones_2026-05-02_DEC-0031_adopcion_mission_control.md.20260504_025840.bak.gz | riesgo=critico | edad_dias=23.6 | size_kb=1.5
[2026-05-27 18:23:28,826] INFO: - 00_sistema_tesis_decisiones_2026-05-02_DEC-0032_arquitectura_ingesta_consumption_pets.md.20260504_025840.bak.gz | riesgo=critico | edad_dias=23.6 | size_kb=2.7
[2026-05-27 18:23:28,826] INFO: - Dockerfile.tablero-gobernanza.20260514_backup.bak.gz | riesgo=operativo | edad_dias=12.9 | size_kb=1.0
[2026-05-27 21:40:46,262] INFO: Detectados 13 backups en V:\Sistema_Operativo_Tesis_Posgrado\config\backups
[2026-05-27 21:40:46,264] INFO: [BACKUP-ROTATE] Modo: DRY-RUN | Archivos: 13 -> 9 | MB: 0.22 -> 0.11
[2026-05-27 21:40:46,264] INFO: [BACKUP-ROTATE] Candidatos a borrar: 4
[2026-05-27 21:40:46,264] INFO: - 00_sistema_tesis_canon_events.jsonl.20260504_025840.bak.gz | riesgo=critico | edad_dias=23.8 | size_kb=110.1
[2026-05-27 21:40:46,264] INFO: - 00_sistema_tesis_decisiones_2026-05-02_DEC-0031_adopcion_mission_control.md.20260504_025840.bak.gz | riesgo=critico | edad_dias=23.8 | size_kb=1.5
[2026-05-27 21:40:46,264] INFO: - 00_sistema_tesis_decisiones_2026-05-02_DEC-0032_arquitectura_ingesta_consumption_pets.md.20260504_025840.bak.gz | riesgo=critico | edad_dias=23.8 | size_kb=2.7
[2026-05-27 21:40:46,264] INFO: - Dockerfile.tablero-gobernanza.20260514_backup.bak.gz | riesgo=operativo | edad_dias=13.0 | size_kb=1.0
[2026-05-27 21:40:47,398] INFO: Detectados 13 backups en V:\Sistema_Operativo_Tesis_Posgrado\config\backups
[2026-05-27 21:40:47,401] INFO: [BACKUP-ROTATE] Modo: DRY-RUN | Archivos: 13 -> 9 | MB: 0.22 -> 0.11
[2026-05-27 21:40:47,401] INFO: [BACKUP-ROTATE] Candidatos a borrar: 4
[2026-05-27 21:40:47,401] INFO: - 00_sistema_tesis_canon_events.jsonl.20260504_025840.bak.gz | riesgo=critico | edad_dias=23.8 | size_kb=110.1
[2026-05-27 21:40:47,401] INFO: - 00_sistema_tesis_decisiones_2026-05-02_DEC-0031_adopcion_mission_control.md.20260504_025840.bak.gz | riesgo=critico | edad_dias=23.8 | size_kb=1.5
[2026-05-27 21:40:47,401] INFO: - 00_sistema_tesis_decisiones_2026-05-02_DEC-0032_arquitectura_ingesta_consumption_pets.md.20260504_025840.bak.gz | riesgo=critico | edad_dias=23.8 | size_kb=2.7
[2026-05-27 21:40:47,401] INFO: - Dockerfile.tablero-gobernanza.20260514_backup.bak.gz | riesgo=operativo | edad_dias=13.0 | size_kb=1.0
[2026-05-27 21:40:47,414] INFO: Detectados 13 backups en V:\Sistema_Operativo_Tesis_Posgrado\config\backups
[2026-05-27 21:40:47,415] INFO: [BACKUP-ROTATE] Modo: DRY-RUN | Archivos: 13 -> 9 | MB: 0.22 -> 0.11
[2026-05-27 21:40:47,416] INFO: [BACKUP-ROTATE] Candidatos a borrar: 4
[2026-05-27 21:40:47,416] INFO: - 00_sistema_tesis_canon_events.jsonl.20260504_025840.bak.gz | riesgo=critico | edad_dias=23.8 | size_kb=110.1
[2026-05-27 21:40:47,416] INFO: - 00_sistema_tesis_decisiones_2026-05-02_DEC-0031_adopcion_mission_control.md.20260504_025840.bak.gz | riesgo=critico | edad_dias=23.8 | size_kb=1.5
[2026-05-27 21:40:47,416] INFO: - 00_sistema_tesis_decisiones_2026-05-02_DEC-0032_arquitectura_ingesta_consumption_pets.md.20260504_025840.bak.gz | riesgo=critico | edad_dias=23.8 | size_kb=2.7
[2026-05-27 21:40:47,416] INFO: - Dockerfile.tablero-gobernanza.20260514_backup.bak.gz | riesgo=operativo | edad_dias=13.0 | size_kb=1.0
[2026-05-28 16:22:36,920] INFO: Detectados 13 backups en V:\Sistema_Operativo_Tesis_Posgrado\config\backups
[2026-05-28 16:22:36,921] INFO: Comprimido: 00_sistema_tesis_decisiones_2026-05-02_DEC-0031_adopcion_mission_control.md.20260521_040849.bak (3123B -> 1726B, -(44.7%)) -> 00_sistema_tesis_decisiones_2026-05-02_DEC-0031_adopcion_mission_control.md.20260521_040849.bak.gz
[2026-05-28 16:22:36,922] INFO: Comprimido: 00_sistema_tesis_decisiones_2026-05-15_DEC-0044_adopcion_metodologia_agil.md.20260521_034454.bak (2290B -> 1336B, -(41.7%)) -> 00_sistema_tesis_decisiones_2026-05-15_DEC-0044_adopcion_metodologia_agil.md.20260521_034454.bak.gz
[2026-05-28 16:22:36,923] INFO: Comprimido: 00_sistema_tesis_decisiones_2026-05-15_DEC-0045_migracion_infraestructura_docker_total.md.20260521_034454.bak (2840B -> 1589B, -(44.0%)) -> 00_sistema_tesis_decisiones_2026-05-15_DEC-0045_migracion_infraestructura_docker_total.md.20260521_034454.bak.gz
[2026-05-28 16:22:36,951] INFO: [BACKUP-ROTATE] Modo: DRY-RUN | Archivos: 13 -> 7 | MB: 0.21 -> 0.1
[2026-05-28 16:22:36,951] INFO: [BACKUP-ROTATE] Candidatos a borrar: 6
[2026-05-28 16:22:36,951] INFO: - 00_sistema_tesis_canon_events.jsonl.20260504_025840.bak.gz | riesgo=critico | edad_dias=24.6 | size_kb=110.1
[2026-05-28 16:22:36,951] INFO: - 00_sistema_tesis_decisiones_2026-05-02_DEC-0031_adopcion_mission_control.md.20260504_025840.bak.gz | riesgo=critico | edad_dias=24.6 | size_kb=1.5
[2026-05-28 16:22:36,951] INFO: - 00_sistema_tesis_decisiones_2026-05-02_DEC-0032_arquitectura_ingesta_consumption_pets.md.20260504_025840.bak.gz | riesgo=critico | edad_dias=24.6 | size_kb=2.7
[2026-05-28 16:22:36,951] INFO: - Dockerfile.tablero-gobernanza.20260514_backup.bak.gz | riesgo=operativo | edad_dias=13.8 | size_kb=1.0
[2026-05-28 16:22:36,951] INFO: - docker-compose.yml.20260513041323.bak.gz | riesgo=operativo | edad_dias=7.5 | size_kb=2.5
[2026-05-28 16:22:36,951] INFO: - openclaw.env.20260513040619.bak.gz | riesgo=alto | edad_dias=7.5 | size_kb=1.2
[2026-05-28 23:24:52,463] INFO: Detectados 13 backups en V:\Sistema_Operativo_Tesis_Posgrado\config\backups
[2026-05-28 23:24:52,465] INFO: Comprimido: 00_sistema_tesis_decisiones_2026-05-21_DEC-0046_arquitectura_abierta_autodescubrimiento_viabilidad_comercial.md.bak (5576B -> 2811B, -(49.6%)) -> 00_sistema_tesis_decisiones_2026-05-21_DEC-0046_arquitectura_abierta_autodescubrimiento_viabilidad_comercial.md.bak.gz
[2026-05-28 23:24:52,474] INFO: [BACKUP-ROTATE] Modo: DRY-RUN | Archivos: 13 -> 4 | MB: 0.21 -> 0.01
[2026-05-28 23:24:52,474] INFO: [BACKUP-ROTATE] Candidatos a borrar: 9
[2026-05-28 23:24:52,474] INFO: - 00_sistema_tesis_canon_events.jsonl.20260504_025840.bak.gz | riesgo=critico | edad_dias=24.9 | size_kb=110.1
[2026-05-28 23:24:52,474] INFO: - 00_sistema_tesis_decisiones_2026-05-02_DEC-0031_adopcion_mission_control.md.20260504_025840.bak.gz | riesgo=critico | edad_dias=24.9 | size_kb=1.5
[2026-05-28 23:24:52,474] INFO: - 00_sistema_tesis_decisiones_2026-05-02_DEC-0032_arquitectura_ingesta_consumption_pets.md.20260504_025840.bak.gz | riesgo=critico | edad_dias=24.9 | size_kb=2.7
[2026-05-28 23:24:52,474] INFO: - log_sesiones_trabajo_registradas.md.20260514_165200.bak.gz | riesgo=critico | edad_dias=14.3 | size_kb=41.9
[2026-05-28 23:24:52,474] INFO: - Dockerfile.tablero-gobernanza.20260514_backup.bak.gz | riesgo=operativo | edad_dias=14.1 | size_kb=1.0
[2026-05-28 23:24:52,474] INFO: - log_sesiones_trabajo_registradas.md.20260507T041421Z.bak.gz | riesgo=critico | edad_dias=14.1 | size_kb=42.0
[2026-05-28 23:24:52,474] INFO: - matriz_trazabilidad.md.20260507T041421Z.bak.gz | riesgo=critico | edad_dias=14.1 | size_kb=6.5
[2026-05-28 23:24:52,474] INFO: - docker-compose.yml.20260513041323.bak.gz | riesgo=operativo | edad_dias=7.8 | size_kb=2.5
[2026-05-28 23:24:52,474] INFO: - openclaw.env.20260513040619.bak.gz | riesgo=alto | edad_dias=7.8 | size_kb=1.2
[2026-05-28 23:26:16,731] INFO: Detectados 13 backups en V:\Sistema_Operativo_Tesis_Posgrado\config\backups
[2026-05-28 23:26:16,733] INFO: [BACKUP-ROTATE] Modo: DRY-RUN | Archivos: 13 -> 4 | MB: 0.21 -> 0.01
[2026-05-28 23:26:16,733] INFO: [BACKUP-ROTATE] Candidatos a borrar: 9
[2026-05-28 23:26:16,733] INFO: - 00_sistema_tesis_canon_events.jsonl.20260504_025840.bak.gz | riesgo=critico | edad_dias=24.9 | size_kb=110.1
[2026-05-28 23:26:16,733] INFO: - 00_sistema_tesis_decisiones_2026-05-02_DEC-0031_adopcion_mission_control.md.20260504_025840.bak.gz | riesgo=critico | edad_dias=24.9 | size_kb=1.5
[2026-05-28 23:26:16,733] INFO: - 00_sistema_tesis_decisiones_2026-05-02_DEC-0032_arquitectura_ingesta_consumption_pets.md.20260504_025840.bak.gz | riesgo=critico | edad_dias=24.9 | size_kb=2.7
[2026-05-28 23:26:16,733] INFO: - log_sesiones_trabajo_registradas.md.20260514_165200.bak.gz | riesgo=critico | edad_dias=14.3 | size_kb=41.9
[2026-05-28 23:26:16,733] INFO: - Dockerfile.tablero-gobernanza.20260514_backup.bak.gz | riesgo=operativo | edad_dias=14.1 | size_kb=1.0
[2026-05-28 23:26:16,733] INFO: - log_sesiones_trabajo_registradas.md.20260507T041421Z.bak.gz | riesgo=critico | edad_dias=14.1 | size_kb=42.0
[2026-05-28 23:26:16,733] INFO: - matriz_trazabilidad.md.20260507T041421Z.bak.gz | riesgo=critico | edad_dias=14.1 | size_kb=6.5
[2026-05-28 23:26:16,733] INFO: - docker-compose.yml.20260513041323.bak.gz | riesgo=operativo | edad_dias=7.8 | size_kb=2.5
[2026-05-28 23:26:16,733] INFO: - openclaw.env.20260513040619.bak.gz | riesgo=alto | edad_dias=7.8 | size_kb=1.2
[2026-05-28 23:28:14,409] INFO: Detectados 13 backups en V:\Sistema_Operativo_Tesis_Posgrado\config\backups
[2026-05-28 23:28:14,410] INFO: [BACKUP-ROTATE] Modo: DRY-RUN | Archivos: 13 -> 4 | MB: 0.21 -> 0.01
[2026-05-28 23:28:14,410] INFO: [BACKUP-ROTATE] Candidatos a borrar: 9
[2026-05-28 23:28:14,410] INFO: - 00_sistema_tesis_canon_events.jsonl.20260504_025840.bak.gz | riesgo=critico | edad_dias=24.9 | size_kb=110.1
[2026-05-28 23:28:14,410] INFO: - 00_sistema_tesis_decisiones_2026-05-02_DEC-0031_adopcion_mission_control.md.20260504_025840.bak.gz | riesgo=critico | edad_dias=24.9 | size_kb=1.5
[2026-05-28 23:28:14,410] INFO: - 00_sistema_tesis_decisiones_2026-05-02_DEC-0032_arquitectura_ingesta_consumption_pets.md.20260504_025840.bak.gz | riesgo=critico | edad_dias=24.9 | size_kb=2.7
[2026-05-28 23:28:14,410] INFO: - log_sesiones_trabajo_registradas.md.20260514_165200.bak.gz | riesgo=critico | edad_dias=14.3 | size_kb=41.9
[2026-05-28 23:28:14,410] INFO: - Dockerfile.tablero-gobernanza.20260514_backup.bak.gz | riesgo=operativo | edad_dias=14.1 | size_kb=1.0
[2026-05-28 23:28:14,410] INFO: - log_sesiones_trabajo_registradas.md.20260507T041421Z.bak.gz | riesgo=critico | edad_dias=14.1 | size_kb=42.0
[2026-05-28 23:28:14,410] INFO: - matriz_trazabilidad.md.20260507T041421Z.bak.gz | riesgo=critico | edad_dias=14.1 | size_kb=6.5
[2026-05-28 23:28:14,410] INFO: - docker-compose.yml.20260513041323.bak.gz | riesgo=operativo | edad_dias=7.8 | size_kb=2.5
[2026-05-28 23:28:14,410] INFO: - openclaw.env.20260513040619.bak.gz | riesgo=alto | edad_dias=7.8 | size_kb=1.2
[2026-05-28 23:30:57,295] INFO: Detectados 13 backups en V:\Sistema_Operativo_Tesis_Posgrado\config\backups
[2026-05-28 23:30:57,297] INFO: [BACKUP-ROTATE] Modo: DRY-RUN | Archivos: 13 -> 4 | MB: 0.21 -> 0.01
[2026-05-28 23:30:57,297] INFO: [BACKUP-ROTATE] Candidatos a borrar: 9
[2026-05-28 23:30:57,297] INFO: - 00_sistema_tesis_canon_events.jsonl.20260504_025840.bak.gz | riesgo=critico | edad_dias=24.9 | size_kb=110.1
[2026-05-28 23:30:57,297] INFO: - 00_sistema_tesis_decisiones_2026-05-02_DEC-0031_adopcion_mission_control.md.20260504_025840.bak.gz | riesgo=critico | edad_dias=24.9 | size_kb=1.5
[2026-05-28 23:30:57,297] INFO: - 00_sistema_tesis_decisiones_2026-05-02_DEC-0032_arquitectura_ingesta_consumption_pets.md.20260504_025840.bak.gz | riesgo=critico | edad_dias=24.9 | size_kb=2.7
[2026-05-28 23:30:57,297] INFO: - log_sesiones_trabajo_registradas.md.20260514_165200.bak.gz | riesgo=critico | edad_dias=14.3 | size_kb=41.9
[2026-05-28 23:30:57,297] INFO: - Dockerfile.tablero-gobernanza.20260514_backup.bak.gz | riesgo=operativo | edad_dias=14.1 | size_kb=1.0
[2026-05-28 23:30:57,297] INFO: - log_sesiones_trabajo_registradas.md.20260507T041421Z.bak.gz | riesgo=critico | edad_dias=14.1 | size_kb=42.0
[2026-05-28 23:30:57,297] INFO: - matriz_trazabilidad.md.20260507T041421Z.bak.gz | riesgo=critico | edad_dias=14.1 | size_kb=6.5
[2026-05-28 23:30:57,297] INFO: - docker-compose.yml.20260513041323.bak.gz | riesgo=operativo | edad_dias=7.8 | size_kb=2.5
[2026-05-28 23:30:57,297] INFO: - openclaw.env.20260513040619.bak.gz | riesgo=alto | edad_dias=7.8 | size_kb=1.2
[2026-05-28 23:33:14,551] INFO: Detectados 13 backups en V:\Sistema_Operativo_Tesis_Posgrado\config\backups
[2026-05-28 23:33:14,553] INFO: [BACKUP-ROTATE] Modo: DRY-RUN | Archivos: 13 -> 4 | MB: 0.21 -> 0.01
[2026-05-28 23:33:14,553] INFO: [BACKUP-ROTATE] Candidatos a borrar: 9
[2026-05-28 23:33:14,553] INFO: - 00_sistema_tesis_canon_events.jsonl.20260504_025840.bak.gz | riesgo=critico | edad_dias=24.9 | size_kb=110.1
[2026-05-28 23:33:14,553] INFO: - 00_sistema_tesis_decisiones_2026-05-02_DEC-0031_adopcion_mission_control.md.20260504_025840.bak.gz | riesgo=critico | edad_dias=24.9 | size_kb=1.5
[2026-05-28 23:33:14,553] INFO: - 00_sistema_tesis_decisiones_2026-05-02_DEC-0032_arquitectura_ingesta_consumption_pets.md.20260504_025840.bak.gz | riesgo=critico | edad_dias=24.9 | size_kb=2.7
[2026-05-28 23:33:14,553] INFO: - log_sesiones_trabajo_registradas.md.20260514_165200.bak.gz | riesgo=critico | edad_dias=14.3 | size_kb=41.9
[2026-05-28 23:33:14,553] INFO: - Dockerfile.tablero-gobernanza.20260514_backup.bak.gz | riesgo=operativo | edad_dias=14.1 | size_kb=1.0
[2026-05-28 23:33:14,553] INFO: - log_sesiones_trabajo_registradas.md.20260507T041421Z.bak.gz | riesgo=critico | edad_dias=14.1 | size_kb=42.0
[2026-05-28 23:33:14,553] INFO: - matriz_trazabilidad.md.20260507T041421Z.bak.gz | riesgo=critico | edad_dias=14.1 | size_kb=6.5
[2026-05-28 23:33:14,553] INFO: - docker-compose.yml.20260513041323.bak.gz | riesgo=operativo | edad_dias=7.8 | size_kb=2.5
[2026-05-28 23:33:14,553] INFO: - openclaw.env.20260513040619.bak.gz | riesgo=alto | edad_dias=7.8 | size_kb=1.2
[2026-05-28 23:37:07,354] INFO: Detectados 13 backups en V:\Sistema_Operativo_Tesis_Posgrado\config\backups
[2026-05-28 23:37:07,358] INFO: [BACKUP-ROTATE] Modo: DRY-RUN | Archivos: 13 -> 4 | MB: 0.21 -> 0.01
[2026-05-28 23:37:07,358] INFO: [BACKUP-ROTATE] Candidatos a borrar: 9
[2026-05-28 23:37:07,358] INFO: - 00_sistema_tesis_canon_events.jsonl.20260504_025840.bak.gz | riesgo=critico | edad_dias=24.9 | size_kb=110.1
[2026-05-28 23:37:07,358] INFO: - 00_sistema_tesis_decisiones_2026-05-02_DEC-0031_adopcion_mission_control.md.20260504_025840.bak.gz | riesgo=critico | edad_dias=24.9 | size_kb=1.5
[2026-05-28 23:37:07,358] INFO: - 00_sistema_tesis_decisiones_2026-05-02_DEC-0032_arquitectura_ingesta_consumption_pets.md.20260504_025840.bak.gz | riesgo=critico | edad_dias=24.9 | size_kb=2.7
[2026-05-28 23:37:07,358] INFO: - log_sesiones_trabajo_registradas.md.20260514_165200.bak.gz | riesgo=critico | edad_dias=14.3 | size_kb=41.9
[2026-05-28 23:37:07,358] INFO: - Dockerfile.tablero-gobernanza.20260514_backup.bak.gz | riesgo=operativo | edad_dias=14.1 | size_kb=1.0
[2026-05-28 23:37:07,358] INFO: - log_sesiones_trabajo_registradas.md.20260507T041421Z.bak.gz | riesgo=critico | edad_dias=14.1 | size_kb=42.0
[2026-05-28 23:37:07,358] INFO: - matriz_trazabilidad.md.20260507T041421Z.bak.gz | riesgo=critico | edad_dias=14.1 | size_kb=6.5
[2026-05-28 23:37:07,358] INFO: - docker-compose.yml.20260513041323.bak.gz | riesgo=operativo | edad_dias=7.8 | size_kb=2.5
[2026-05-28 23:37:07,358] INFO: - openclaw.env.20260513040619.bak.gz | riesgo=alto | edad_dias=7.8 | size_kb=1.2
[2026-05-28 23:59:48,297] INFO: Detectados 13 backups en V:\Sistema_Operativo_Tesis_Posgrado\config\backups
[2026-05-28 23:59:48,298] INFO: [BACKUP-ROTATE] Modo: DRY-RUN | Archivos: 13 -> 4 | MB: 0.21 -> 0.01
[2026-05-28 23:59:48,300] INFO: [BACKUP-ROTATE] Candidatos a borrar: 9
[2026-05-28 23:59:48,300] INFO: - 00_sistema_tesis_canon_events.jsonl.20260504_025840.bak.gz | riesgo=critico | edad_dias=24.9 | size_kb=110.1
[2026-05-28 23:59:48,300] INFO: - 00_sistema_tesis_decisiones_2026-05-02_DEC-0031_adopcion_mission_control.md.20260504_025840.bak.gz | riesgo=critico | edad_dias=24.9 | size_kb=1.5
[2026-05-28 23:59:48,300] INFO: - 00_sistema_tesis_decisiones_2026-05-02_DEC-0032_arquitectura_ingesta_consumption_pets.md.20260504_025840.bak.gz | riesgo=critico | edad_dias=24.9 | size_kb=2.7
[2026-05-28 23:59:48,300] INFO: - log_sesiones_trabajo_registradas.md.20260514_165200.bak.gz | riesgo=critico | edad_dias=14.3 | size_kb=41.9
[2026-05-28 23:59:48,300] INFO: - Dockerfile.tablero-gobernanza.20260514_backup.bak.gz | riesgo=operativo | edad_dias=14.1 | size_kb=1.0
[2026-05-28 23:59:48,300] INFO: - log_sesiones_trabajo_registradas.md.20260507T041421Z.bak.gz | riesgo=critico | edad_dias=14.1 | size_kb=42.0
[2026-05-28 23:59:48,300] INFO: - matriz_trazabilidad.md.20260507T041421Z.bak.gz | riesgo=critico | edad_dias=14.1 | size_kb=6.5
[2026-05-28 23:59:48,300] INFO: - docker-compose.yml.20260513041323.bak.gz | riesgo=operativo | edad_dias=7.8 | size_kb=2.5
[2026-05-28 23:59:48,300] INFO: - openclaw.env.20260513040619.bak.gz | riesgo=alto | edad_dias=7.8 | size_kb=1.2
[2026-05-29 00:44:17,655] INFO: Detectados 13 backups en V:\Sistema_Operativo_Tesis_Posgrado\config\backups
[2026-05-29 00:44:17,657] INFO: [BACKUP-ROTATE] Modo: DRY-RUN | Archivos: 13 -> 4 | MB: 0.21 -> 0.01
[2026-05-29 00:44:17,657] INFO: [BACKUP-ROTATE] Candidatos a borrar: 9
[2026-05-29 00:44:17,657] INFO: - 00_sistema_tesis_canon_events.jsonl.20260504_025840.bak.gz | riesgo=critico | edad_dias=24.9 | size_kb=110.1
[2026-05-29 00:44:17,657] INFO: - 00_sistema_tesis_decisiones_2026-05-02_DEC-0031_adopcion_mission_control.md.20260504_025840.bak.gz | riesgo=critico | edad_dias=24.9 | size_kb=1.5
[2026-05-29 00:44:17,657] INFO: - 00_sistema_tesis_decisiones_2026-05-02_DEC-0032_arquitectura_ingesta_consumption_pets.md.20260504_025840.bak.gz | riesgo=critico | edad_dias=24.9 | size_kb=2.7
[2026-05-29 00:44:17,657] INFO: - log_sesiones_trabajo_registradas.md.20260514_165200.bak.gz | riesgo=critico | edad_dias=14.3 | size_kb=41.9
[2026-05-29 00:44:17,657] INFO: - Dockerfile.tablero-gobernanza.20260514_backup.bak.gz | riesgo=operativo | edad_dias=14.1 | size_kb=1.0
[2026-05-29 00:44:17,657] INFO: - log_sesiones_trabajo_registradas.md.20260507T041421Z.bak.gz | riesgo=critico | edad_dias=14.1 | size_kb=42.0
[2026-05-29 00:44:17,657] INFO: - matriz_trazabilidad.md.20260507T041421Z.bak.gz | riesgo=critico | edad_dias=14.1 | size_kb=6.5
[2026-05-29 00:44:17,657] INFO: - docker-compose.yml.20260513041323.bak.gz | riesgo=operativo | edad_dias=7.9 | size_kb=2.5
[2026-05-29 00:44:17,657] INFO: - openclaw.env.20260513040619.bak.gz | riesgo=alto | edad_dias=7.9 | size_kb=1.2
[2026-05-29 00:49:57,895] INFO: Detectados 13 backups en V:\Sistema_Operativo_Tesis_Posgrado\config\backups
[2026-05-29 00:49:57,897] INFO: [BACKUP-ROTATE] Modo: DRY-RUN | Archivos: 13 -> 4 | MB: 0.21 -> 0.01
[2026-05-29 00:49:57,897] INFO: [BACKUP-ROTATE] Candidatos a borrar: 9
[2026-05-29 00:49:57,897] INFO: - 00_sistema_tesis_canon_events.jsonl.20260504_025840.bak.gz | riesgo=critico | edad_dias=24.9 | size_kb=110.1
[2026-05-29 00:49:57,897] INFO: - 00_sistema_tesis_decisiones_2026-05-02_DEC-0031_adopcion_mission_control.md.20260504_025840.bak.gz | riesgo=critico | edad_dias=24.9 | size_kb=1.5
[2026-05-29 00:49:57,897] INFO: - 00_sistema_tesis_decisiones_2026-05-02_DEC-0032_arquitectura_ingesta_consumption_pets.md.20260504_025840.bak.gz | riesgo=critico | edad_dias=24.9 | size_kb=2.7
[2026-05-29 00:49:57,897] INFO: - log_sesiones_trabajo_registradas.md.20260514_165200.bak.gz | riesgo=critico | edad_dias=14.3 | size_kb=41.9
[2026-05-29 00:49:57,897] INFO: - Dockerfile.tablero-gobernanza.20260514_backup.bak.gz | riesgo=operativo | edad_dias=14.1 | size_kb=1.0
[2026-05-29 00:49:57,897] INFO: - log_sesiones_trabajo_registradas.md.20260507T041421Z.bak.gz | riesgo=critico | edad_dias=14.1 | size_kb=42.0
[2026-05-29 00:49:57,897] INFO: - matriz_trazabilidad.md.20260507T041421Z.bak.gz | riesgo=critico | edad_dias=14.1 | size_kb=6.5
[2026-05-29 00:49:57,897] INFO: - docker-compose.yml.20260513041323.bak.gz | riesgo=operativo | edad_dias=7.9 | size_kb=2.5
[2026-05-29 00:49:57,897] INFO: - openclaw.env.20260513040619.bak.gz | riesgo=alto | edad_dias=7.9 | size_kb=1.2
[2026-05-29 01:35:49,205] INFO: Detectados 13 backups en V:\Sistema_Operativo_Tesis_Posgrado\config\backups
[2026-05-29 01:35:49,207] INFO: [BACKUP-ROTATE] Modo: DRY-RUN | Archivos: 13 -> 4 | MB: 0.21 -> 0.01
[2026-05-29 01:35:49,207] INFO: [BACKUP-ROTATE] Candidatos a borrar: 9
[2026-05-29 01:35:49,207] INFO: - 00_sistema_tesis_canon_events.jsonl.20260504_025840.bak.gz | riesgo=critico | edad_dias=24.9 | size_kb=110.1
[2026-05-29 01:35:49,207] INFO: - 00_sistema_tesis_decisiones_2026-05-02_DEC-0031_adopcion_mission_control.md.20260504_025840.bak.gz | riesgo=critico | edad_dias=24.9 | size_kb=1.5
[2026-05-29 01:35:49,207] INFO: - 00_sistema_tesis_decisiones_2026-05-02_DEC-0032_arquitectura_ingesta_consumption_pets.md.20260504_025840.bak.gz | riesgo=critico | edad_dias=24.9 | size_kb=2.7
[2026-05-29 01:35:49,207] INFO: - log_sesiones_trabajo_registradas.md.20260514_165200.bak.gz | riesgo=critico | edad_dias=14.4 | size_kb=41.9
[2026-05-29 01:35:49,208] INFO: - Dockerfile.tablero-gobernanza.20260514_backup.bak.gz | riesgo=operativo | edad_dias=14.2 | size_kb=1.0
[2026-05-29 01:35:49,208] INFO: - log_sesiones_trabajo_registradas.md.20260507T041421Z.bak.gz | riesgo=critico | edad_dias=14.2 | size_kb=42.0
[2026-05-29 01:35:49,208] INFO: - matriz_trazabilidad.md.20260507T041421Z.bak.gz | riesgo=critico | edad_dias=14.2 | size_kb=6.5
[2026-05-29 01:35:49,208] INFO: - docker-compose.yml.20260513041323.bak.gz | riesgo=operativo | edad_dias=7.9 | size_kb=2.5
[2026-05-29 01:35:49,208] INFO: - openclaw.env.20260513040619.bak.gz | riesgo=alto | edad_dias=7.9 | size_kb=1.2
[2026-05-29 03:09:34,229] INFO: Detectados 13 backups en V:\Sistema_Operativo_Tesis_Posgrado\config\backups
[2026-05-29 03:09:34,231] INFO: [BACKUP-ROTATE] Modo: DRY-RUN | Archivos: 13 -> 4 | MB: 0.21 -> 0.01
[2026-05-29 03:09:34,231] INFO: [BACKUP-ROTATE] Candidatos a borrar: 9
[2026-05-29 03:09:34,231] INFO: - 00_sistema_tesis_canon_events.jsonl.20260504_025840.bak.gz | riesgo=critico | edad_dias=25.0 | size_kb=110.1
[2026-05-29 03:09:34,232] INFO: - 00_sistema_tesis_decisiones_2026-05-02_DEC-0031_adopcion_mission_control.md.20260504_025840.bak.gz | riesgo=critico | edad_dias=25.0 | size_kb=1.5
[2026-05-29 03:09:34,232] INFO: - 00_sistema_tesis_decisiones_2026-05-02_DEC-0032_arquitectura_ingesta_consumption_pets.md.20260504_025840.bak.gz | riesgo=critico | edad_dias=25.0 | size_kb=2.7
[2026-05-29 03:09:34,232] INFO: - log_sesiones_trabajo_registradas.md.20260514_165200.bak.gz | riesgo=critico | edad_dias=14.4 | size_kb=41.9
[2026-05-29 03:09:34,233] INFO: - Dockerfile.tablero-gobernanza.20260514_backup.bak.gz | riesgo=operativo | edad_dias=14.2 | size_kb=1.0
[2026-05-29 03:09:34,233] INFO: - log_sesiones_trabajo_registradas.md.20260507T041421Z.bak.gz | riesgo=critico | edad_dias=14.2 | size_kb=42.0
[2026-05-29 03:09:34,233] INFO: - matriz_trazabilidad.md.20260507T041421Z.bak.gz | riesgo=critico | edad_dias=14.2 | size_kb=6.5
[2026-05-29 03:09:34,233] INFO: - docker-compose.yml.20260513041323.bak.gz | riesgo=operativo | edad_dias=8.0 | size_kb=2.5
[2026-05-29 03:09:34,233] INFO: - openclaw.env.20260513040619.bak.gz | riesgo=alto | edad_dias=8.0 | size_kb=1.2
[2026-05-29 04:50:31,512] INFO: Detectados 13 backups en V:\Sistema_Operativo_Tesis_Posgrado\config\backups
[2026-05-29 04:50:31,514] INFO: [BACKUP-ROTATE] Modo: DRY-RUN | Archivos: 13 -> 4 | MB: 0.21 -> 0.01
[2026-05-29 04:50:31,515] INFO: [BACKUP-ROTATE] Candidatos a borrar: 9
[2026-05-29 04:50:31,515] INFO: - 00_sistema_tesis_canon_events.jsonl.20260504_025840.bak.gz | riesgo=critico | edad_dias=25.1 | size_kb=110.1
[2026-05-29 04:50:31,515] INFO: - 00_sistema_tesis_decisiones_2026-05-02_DEC-0031_adopcion_mission_control.md.20260504_025840.bak.gz | riesgo=critico | edad_dias=25.1 | size_kb=1.5
[2026-05-29 04:50:31,515] INFO: - 00_sistema_tesis_decisiones_2026-05-02_DEC-0032_arquitectura_ingesta_consumption_pets.md.20260504_025840.bak.gz | riesgo=critico | edad_dias=25.1 | size_kb=2.7
[2026-05-29 04:50:31,515] INFO: - log_sesiones_trabajo_registradas.md.20260514_165200.bak.gz | riesgo=critico | edad_dias=14.5 | size_kb=41.9
[2026-05-29 04:50:31,515] INFO: - Dockerfile.tablero-gobernanza.20260514_backup.bak.gz | riesgo=operativo | edad_dias=14.3 | size_kb=1.0
[2026-05-29 04:50:31,515] INFO: - log_sesiones_trabajo_registradas.md.20260507T041421Z.bak.gz | riesgo=critico | edad_dias=14.3 | size_kb=42.0
[2026-05-29 04:50:31,515] INFO: - matriz_trazabilidad.md.20260507T041421Z.bak.gz | riesgo=critico | edad_dias=14.3 | size_kb=6.5
[2026-05-29 04:50:31,515] INFO: - docker-compose.yml.20260513041323.bak.gz | riesgo=operativo | edad_dias=8.0 | size_kb=2.5
[2026-05-29 04:50:31,515] INFO: - openclaw.env.20260513040619.bak.gz | riesgo=alto | edad_dias=8.0 | size_kb=1.2
[2026-05-29 04:53:17,404] INFO: Detectados 13 backups en V:\Sistema_Operativo_Tesis_Posgrado\config\backups
[2026-05-29 04:53:17,407] INFO: [BACKUP-ROTATE] Modo: DRY-RUN | Archivos: 13 -> 4 | MB: 0.21 -> 0.01
[2026-05-29 04:53:17,407] INFO: [BACKUP-ROTATE] Candidatos a borrar: 9
[2026-05-29 04:53:17,408] INFO: - 00_sistema_tesis_canon_events.jsonl.20260504_025840.bak.gz | riesgo=critico | edad_dias=25.1 | size_kb=110.1
[2026-05-29 04:53:17,408] INFO: - 00_sistema_tesis_decisiones_2026-05-02_DEC-0031_adopcion_mission_control.md.20260504_025840.bak.gz | riesgo=critico | edad_dias=25.1 | size_kb=1.5
[2026-05-29 04:53:17,408] INFO: - 00_sistema_tesis_decisiones_2026-05-02_DEC-0032_arquitectura_ingesta_consumption_pets.md.20260504_025840.bak.gz | riesgo=critico | edad_dias=25.1 | size_kb=2.7
[2026-05-29 04:53:17,408] INFO: - log_sesiones_trabajo_registradas.md.20260514_165200.bak.gz | riesgo=critico | edad_dias=14.5 | size_kb=41.9
[2026-05-29 04:53:17,408] INFO: - Dockerfile.tablero-gobernanza.20260514_backup.bak.gz | riesgo=operativo | edad_dias=14.3 | size_kb=1.0
[2026-05-29 04:53:17,408] INFO: - log_sesiones_trabajo_registradas.md.20260507T041421Z.bak.gz | riesgo=critico | edad_dias=14.3 | size_kb=42.0
[2026-05-29 04:53:17,408] INFO: - matriz_trazabilidad.md.20260507T041421Z.bak.gz | riesgo=critico | edad_dias=14.3 | size_kb=6.5
[2026-05-29 04:53:17,408] INFO: - docker-compose.yml.20260513041323.bak.gz | riesgo=operativo | edad_dias=8.0 | size_kb=2.5
[2026-05-29 04:53:17,408] INFO: - openclaw.env.20260513040619.bak.gz | riesgo=alto | edad_dias=8.0 | size_kb=1.2
[2026-05-29 04:56:08,227] INFO: Detectados 13 backups en V:\Sistema_Operativo_Tesis_Posgrado\config\backups
[2026-05-29 04:56:08,230] INFO: [BACKUP-ROTATE] Modo: DRY-RUN | Archivos: 13 -> 4 | MB: 0.21 -> 0.01
[2026-05-29 04:56:08,230] INFO: [BACKUP-ROTATE] Candidatos a borrar: 9
[2026-05-29 04:56:08,230] INFO: - 00_sistema_tesis_canon_events.jsonl.20260504_025840.bak.gz | riesgo=critico | edad_dias=25.1 | size_kb=110.1
[2026-05-29 04:56:08,230] INFO: - 00_sistema_tesis_decisiones_2026-05-02_DEC-0031_adopcion_mission_control.md.20260504_025840.bak.gz | riesgo=critico | edad_dias=25.1 | size_kb=1.5
[2026-05-29 04:56:08,230] INFO: - 00_sistema_tesis_decisiones_2026-05-02_DEC-0032_arquitectura_ingesta_consumption_pets.md.20260504_025840.bak.gz | riesgo=critico | edad_dias=25.1 | size_kb=2.7
[2026-05-29 04:56:08,230] INFO: - log_sesiones_trabajo_registradas.md.20260514_165200.bak.gz | riesgo=critico | edad_dias=14.5 | size_kb=41.9
[2026-05-29 04:56:08,230] INFO: - Dockerfile.tablero-gobernanza.20260514_backup.bak.gz | riesgo=operativo | edad_dias=14.3 | size_kb=1.0
[2026-05-29 04:56:08,230] INFO: - log_sesiones_trabajo_registradas.md.20260507T041421Z.bak.gz | riesgo=critico | edad_dias=14.3 | size_kb=42.0
[2026-05-29 04:56:08,230] INFO: - matriz_trazabilidad.md.20260507T041421Z.bak.gz | riesgo=critico | edad_dias=14.3 | size_kb=6.5
[2026-05-29 04:56:08,230] INFO: - docker-compose.yml.20260513041323.bak.gz | riesgo=operativo | edad_dias=8.0 | size_kb=2.5
[2026-05-29 04:56:08,230] INFO: - openclaw.env.20260513040619.bak.gz | riesgo=alto | edad_dias=8.0 | size_kb=1.2
[2026-05-29 04:57:59,390] INFO: Detectados 13 backups en V:\Sistema_Operativo_Tesis_Posgrado\config\backups
[2026-05-29 04:57:59,391] INFO: [BACKUP-ROTATE] Modo: DRY-RUN | Archivos: 13 -> 4 | MB: 0.21 -> 0.01
[2026-05-29 04:57:59,393] INFO: [BACKUP-ROTATE] Candidatos a borrar: 9
[2026-05-29 04:57:59,393] INFO: - 00_sistema_tesis_canon_events.jsonl.20260504_025840.bak.gz | riesgo=critico | edad_dias=25.1 | size_kb=110.1
[2026-05-29 04:57:59,393] INFO: - 00_sistema_tesis_decisiones_2026-05-02_DEC-0031_adopcion_mission_control.md.20260504_025840.bak.gz | riesgo=critico | edad_dias=25.1 | size_kb=1.5
[2026-05-29 04:57:59,393] INFO: - 00_sistema_tesis_decisiones_2026-05-02_DEC-0032_arquitectura_ingesta_consumption_pets.md.20260504_025840.bak.gz | riesgo=critico | edad_dias=25.1 | size_kb=2.7
[2026-05-29 04:57:59,393] INFO: - log_sesiones_trabajo_registradas.md.20260514_165200.bak.gz | riesgo=critico | edad_dias=14.5 | size_kb=41.9
[2026-05-29 04:57:59,393] INFO: - Dockerfile.tablero-gobernanza.20260514_backup.bak.gz | riesgo=operativo | edad_dias=14.3 | size_kb=1.0
[2026-05-29 04:57:59,393] INFO: - log_sesiones_trabajo_registradas.md.20260507T041421Z.bak.gz | riesgo=critico | edad_dias=14.3 | size_kb=42.0
[2026-05-29 04:57:59,393] INFO: - matriz_trazabilidad.md.20260507T041421Z.bak.gz | riesgo=critico | edad_dias=14.3 | size_kb=6.5
[2026-05-29 04:57:59,393] INFO: - docker-compose.yml.20260513041323.bak.gz | riesgo=operativo | edad_dias=8.0 | size_kb=2.5
[2026-05-29 04:57:59,393] INFO: - openclaw.env.20260513040619.bak.gz | riesgo=alto | edad_dias=8.0 | size_kb=1.2
[2026-05-29 05:10:56,947] INFO: Detectados 13 backups en V:\Sistema_Operativo_Tesis_Posgrado\config\backups
[2026-05-29 05:10:56,949] INFO: [BACKUP-ROTATE] Modo: DRY-RUN | Archivos: 13 -> 4 | MB: 0.21 -> 0.01
[2026-05-29 05:10:56,949] INFO: [BACKUP-ROTATE] Candidatos a borrar: 9
[2026-05-29 05:10:56,949] INFO: - 00_sistema_tesis_canon_events.jsonl.20260504_025840.bak.gz | riesgo=critico | edad_dias=25.1 | size_kb=110.1
[2026-05-29 05:10:56,949] INFO: - 00_sistema_tesis_decisiones_2026-05-02_DEC-0031_adopcion_mission_control.md.20260504_025840.bak.gz | riesgo=critico | edad_dias=25.1 | size_kb=1.5
[2026-05-29 05:10:56,949] INFO: - 00_sistema_tesis_decisiones_2026-05-02_DEC-0032_arquitectura_ingesta_consumption_pets.md.20260504_025840.bak.gz | riesgo=critico | edad_dias=25.1 | size_kb=2.7
[2026-05-29 05:10:56,949] INFO: - log_sesiones_trabajo_registradas.md.20260514_165200.bak.gz | riesgo=critico | edad_dias=14.5 | size_kb=41.9
[2026-05-29 05:10:56,949] INFO: - Dockerfile.tablero-gobernanza.20260514_backup.bak.gz | riesgo=operativo | edad_dias=14.3 | size_kb=1.0
[2026-05-29 05:10:56,949] INFO: - log_sesiones_trabajo_registradas.md.20260507T041421Z.bak.gz | riesgo=critico | edad_dias=14.3 | size_kb=42.0
[2026-05-29 05:10:56,949] INFO: - matriz_trazabilidad.md.20260507T041421Z.bak.gz | riesgo=critico | edad_dias=14.3 | size_kb=6.5
[2026-05-29 05:10:56,949] INFO: - docker-compose.yml.20260513041323.bak.gz | riesgo=operativo | edad_dias=8.0 | size_kb=2.5
[2026-05-29 05:10:56,949] INFO: - openclaw.env.20260513040619.bak.gz | riesgo=alto | edad_dias=8.0 | size_kb=1.2
[2026-05-29 05:24:48,146] INFO: Detectados 13 backups en V:\Sistema_Operativo_Tesis_Posgrado\config\backups
[2026-05-29 05:24:48,148] INFO: [BACKUP-ROTATE] Modo: DRY-RUN | Archivos: 13 -> 4 | MB: 0.21 -> 0.01
[2026-05-29 05:24:48,148] INFO: [BACKUP-ROTATE] Candidatos a borrar: 9
[2026-05-29 05:24:48,148] INFO: - 00_sistema_tesis_canon_events.jsonl.20260504_025840.bak.gz | riesgo=critico | edad_dias=25.1 | size_kb=110.1
[2026-05-29 05:24:48,148] INFO: - 00_sistema_tesis_decisiones_2026-05-02_DEC-0031_adopcion_mission_control.md.20260504_025840.bak.gz | riesgo=critico | edad_dias=25.1 | size_kb=1.5
[2026-05-29 05:24:48,148] INFO: - 00_sistema_tesis_decisiones_2026-05-02_DEC-0032_arquitectura_ingesta_consumption_pets.md.20260504_025840.bak.gz | riesgo=critico | edad_dias=25.1 | size_kb=2.7
[2026-05-29 05:24:48,148] INFO: - log_sesiones_trabajo_registradas.md.20260514_165200.bak.gz | riesgo=critico | edad_dias=14.5 | size_kb=41.9
[2026-05-29 05:24:48,148] INFO: - Dockerfile.tablero-gobernanza.20260514_backup.bak.gz | riesgo=operativo | edad_dias=14.3 | size_kb=1.0
[2026-05-29 05:24:48,148] INFO: - log_sesiones_trabajo_registradas.md.20260507T041421Z.bak.gz | riesgo=critico | edad_dias=14.3 | size_kb=42.0
[2026-05-29 05:24:48,148] INFO: - matriz_trazabilidad.md.20260507T041421Z.bak.gz | riesgo=critico | edad_dias=14.3 | size_kb=6.5
[2026-05-29 05:24:48,148] INFO: - docker-compose.yml.20260513041323.bak.gz | riesgo=operativo | edad_dias=8.1 | size_kb=2.5
[2026-05-29 05:24:48,148] INFO: - openclaw.env.20260513040619.bak.gz | riesgo=alto | edad_dias=8.1 | size_kb=1.2
[2026-05-30 14:12:02,981] INFO: Detectados 13 backups en V:\Sistema_Operativo_Tesis_Posgrado\config\backups
[2026-05-30 14:12:02,983] INFO: [BACKUP-ROTATE] Modo: DRY-RUN | Archivos: 13 -> 4 | MB: 0.21 -> 0.01
[2026-05-30 14:12:02,983] INFO: [BACKUP-ROTATE] Candidatos a borrar: 9
[2026-05-30 14:12:02,983] INFO: - 00_sistema_tesis_canon_events.jsonl.20260504_025840.bak.gz | riesgo=critico | edad_dias=26.5 | size_kb=110.1
[2026-05-30 14:12:02,983] INFO: - 00_sistema_tesis_decisiones_2026-05-02_DEC-0031_adopcion_mission_control.md.20260504_025840.bak.gz | riesgo=critico | edad_dias=26.5 | size_kb=1.5
[2026-05-30 14:12:02,983] INFO: - 00_sistema_tesis_decisiones_2026-05-02_DEC-0032_arquitectura_ingesta_consumption_pets.md.20260504_025840.bak.gz | riesgo=critico | edad_dias=26.5 | size_kb=2.7
[2026-05-30 14:12:02,983] INFO: - log_sesiones_trabajo_registradas.md.20260514_165200.bak.gz | riesgo=critico | edad_dias=15.9 | size_kb=41.9
[2026-05-30 14:12:02,983] INFO: - Dockerfile.tablero-gobernanza.20260514_backup.bak.gz | riesgo=operativo | edad_dias=15.7 | size_kb=1.0
[2026-05-30 14:12:02,983] INFO: - log_sesiones_trabajo_registradas.md.20260507T041421Z.bak.gz | riesgo=critico | edad_dias=15.7 | size_kb=42.0
[2026-05-30 14:12:02,983] INFO: - matriz_trazabilidad.md.20260507T041421Z.bak.gz | riesgo=critico | edad_dias=15.7 | size_kb=6.5
[2026-05-30 14:12:02,983] INFO: - docker-compose.yml.20260513041323.bak.gz | riesgo=operativo | edad_dias=9.4 | size_kb=2.5
[2026-05-30 14:12:02,983] INFO: - openclaw.env.20260513040619.bak.gz | riesgo=alto | edad_dias=9.4 | size_kb=1.2
[2026-05-30 14:13:54,254] INFO: Detectados 13 backups en V:\Sistema_Operativo_Tesis_Posgrado\config\backups
[2026-05-30 14:13:54,257] INFO: [BACKUP-ROTATE] Modo: DRY-RUN | Archivos: 13 -> 4 | MB: 0.21 -> 0.01
[2026-05-30 14:13:54,257] INFO: [BACKUP-ROTATE] Candidatos a borrar: 9
[2026-05-30 14:13:54,257] INFO: - 00_sistema_tesis_canon_events.jsonl.20260504_025840.bak.gz | riesgo=critico | edad_dias=26.5 | size_kb=110.1
[2026-05-30 14:13:54,257] INFO: - 00_sistema_tesis_decisiones_2026-05-02_DEC-0031_adopcion_mission_control.md.20260504_025840.bak.gz | riesgo=critico | edad_dias=26.5 | size_kb=1.5
[2026-05-30 14:13:54,257] INFO: - 00_sistema_tesis_decisiones_2026-05-02_DEC-0032_arquitectura_ingesta_consumption_pets.md.20260504_025840.bak.gz | riesgo=critico | edad_dias=26.5 | size_kb=2.7
[2026-05-30 14:13:54,257] INFO: - log_sesiones_trabajo_registradas.md.20260514_165200.bak.gz | riesgo=critico | edad_dias=15.9 | size_kb=41.9
[2026-05-30 14:13:54,257] INFO: - Dockerfile.tablero-gobernanza.20260514_backup.bak.gz | riesgo=operativo | edad_dias=15.7 | size_kb=1.0
[2026-05-30 14:13:54,257] INFO: - log_sesiones_trabajo_registradas.md.20260507T041421Z.bak.gz | riesgo=critico | edad_dias=15.7 | size_kb=42.0
[2026-05-30 14:13:54,257] INFO: - matriz_trazabilidad.md.20260507T041421Z.bak.gz | riesgo=critico | edad_dias=15.7 | size_kb=6.5
[2026-05-30 14:13:54,257] INFO: - docker-compose.yml.20260513041323.bak.gz | riesgo=operativo | edad_dias=9.4 | size_kb=2.5
[2026-05-30 14:13:54,257] INFO: - openclaw.env.20260513040619.bak.gz | riesgo=alto | edad_dias=9.4 | size_kb=1.2
[2026-05-31 15:33:27,073] INFO: Detectados 13 backups en V:\Sistema_Operativo_Tesis_Posgrado\config\backups
[2026-05-31 15:33:27,075] INFO: [BACKUP-ROTATE] Modo: DRY-RUN | Archivos: 13 -> 4 | MB: 0.21 -> 0.01
[2026-05-31 15:33:27,076] INFO: [BACKUP-ROTATE] Candidatos a borrar: 9
[2026-05-31 15:33:27,076] INFO: - 00_sistema_tesis_canon_events.jsonl.20260504_025840.bak.gz | riesgo=critico | edad_dias=27.5 | size_kb=110.1
[2026-05-31 15:33:27,076] INFO: - 00_sistema_tesis_decisiones_2026-05-02_DEC-0031_adopcion_mission_control.md.20260504_025840.bak.gz | riesgo=critico | edad_dias=27.5 | size_kb=1.5
[2026-05-31 15:33:27,076] INFO: - 00_sistema_tesis_decisiones_2026-05-02_DEC-0032_arquitectura_ingesta_consumption_pets.md.20260504_025840.bak.gz | riesgo=critico | edad_dias=27.5 | size_kb=2.7
[2026-05-31 15:33:27,076] INFO: - log_sesiones_trabajo_registradas.md.20260514_165200.bak.gz | riesgo=critico | edad_dias=16.9 | size_kb=41.9
[2026-05-31 15:33:27,076] INFO: - Dockerfile.tablero-gobernanza.20260514_backup.bak.gz | riesgo=operativo | edad_dias=16.8 | size_kb=1.0
[2026-05-31 15:33:27,076] INFO: - log_sesiones_trabajo_registradas.md.20260507T041421Z.bak.gz | riesgo=critico | edad_dias=16.8 | size_kb=42.0
[2026-05-31 15:33:27,076] INFO: - matriz_trazabilidad.md.20260507T041421Z.bak.gz | riesgo=critico | edad_dias=16.8 | size_kb=6.5
[2026-05-31 15:33:27,076] INFO: - docker-compose.yml.20260513041323.bak.gz | riesgo=operativo | edad_dias=10.5 | size_kb=2.5
[2026-05-31 15:33:27,076] INFO: - openclaw.env.20260513040619.bak.gz | riesgo=alto | edad_dias=10.5 | size_kb=1.2
[2026-05-31 16:06:44,882] INFO: Detectados 13 backups en V:\Sistema_Operativo_Tesis_Posgrado\config\backups
[2026-05-31 16:06:44,884] INFO: [BACKUP-ROTATE] Modo: DRY-RUN | Archivos: 13 -> 4 | MB: 0.21 -> 0.01
[2026-05-31 16:06:44,884] INFO: [BACKUP-ROTATE] Candidatos a borrar: 9
[2026-05-31 16:06:44,884] INFO: - 00_sistema_tesis_canon_events.jsonl.20260504_025840.bak.gz | riesgo=critico | edad_dias=27.5 | size_kb=110.1
[2026-05-31 16:06:44,884] INFO: - 00_sistema_tesis_decisiones_2026-05-02_DEC-0031_adopcion_mission_control.md.20260504_025840.bak.gz | riesgo=critico | edad_dias=27.5 | size_kb=1.5
[2026-05-31 16:06:44,884] INFO: - 00_sistema_tesis_decisiones_2026-05-02_DEC-0032_arquitectura_ingesta_consumption_pets.md.20260504_025840.bak.gz | riesgo=critico | edad_dias=27.5 | size_kb=2.7
[2026-05-31 16:06:44,884] INFO: - log_sesiones_trabajo_registradas.md.20260514_165200.bak.gz | riesgo=critico | edad_dias=17.0 | size_kb=41.9
[2026-05-31 16:06:44,884] INFO: - Dockerfile.tablero-gobernanza.20260514_backup.bak.gz | riesgo=operativo | edad_dias=16.8 | size_kb=1.0
[2026-05-31 16:06:44,884] INFO: - log_sesiones_trabajo_registradas.md.20260507T041421Z.bak.gz | riesgo=critico | edad_dias=16.8 | size_kb=42.0
[2026-05-31 16:06:44,884] INFO: - matriz_trazabilidad.md.20260507T041421Z.bak.gz | riesgo=critico | edad_dias=16.8 | size_kb=6.5
[2026-05-31 16:06:44,884] INFO: - docker-compose.yml.20260513041323.bak.gz | riesgo=operativo | edad_dias=10.5 | size_kb=2.5
[2026-05-31 16:06:44,884] INFO: - openclaw.env.20260513040619.bak.gz | riesgo=alto | edad_dias=10.5 | size_kb=1.2
[2026-05-31 21:41:23,488] INFO: Detectados 13 backups en V:\Sistema_Operativo_Tesis_Posgrado\config\backups
[2026-05-31 21:41:23,491] INFO: [BACKUP-ROTATE] Modo: DRY-RUN | Archivos: 13 -> 4 | MB: 0.21 -> 0.01
[2026-05-31 21:41:23,491] INFO: [BACKUP-ROTATE] Candidatos a borrar: 9
[2026-05-31 21:41:23,491] INFO: - 00_sistema_tesis_canon_events.jsonl.20260504_025840.bak.gz | riesgo=critico | edad_dias=27.8 | size_kb=110.1
[2026-05-31 21:41:23,491] INFO: - 00_sistema_tesis_decisiones_2026-05-02_DEC-0031_adopcion_mission_control.md.20260504_025840.bak.gz | riesgo=critico | edad_dias=27.8 | size_kb=1.5
[2026-05-31 21:41:23,491] INFO: - 00_sistema_tesis_decisiones_2026-05-02_DEC-0032_arquitectura_ingesta_consumption_pets.md.20260504_025840.bak.gz | riesgo=critico | edad_dias=27.8 | size_kb=2.7
[2026-05-31 21:41:23,491] INFO: - log_sesiones_trabajo_registradas.md.20260514_165200.bak.gz | riesgo=critico | edad_dias=17.2 | size_kb=41.9
[2026-05-31 21:41:23,491] INFO: - Dockerfile.tablero-gobernanza.20260514_backup.bak.gz | riesgo=operativo | edad_dias=17.0 | size_kb=1.0
[2026-05-31 21:41:23,491] INFO: - log_sesiones_trabajo_registradas.md.20260507T041421Z.bak.gz | riesgo=critico | edad_dias=17.0 | size_kb=42.0
[2026-05-31 21:41:23,491] INFO: - matriz_trazabilidad.md.20260507T041421Z.bak.gz | riesgo=critico | edad_dias=17.0 | size_kb=6.5
[2026-05-31 21:41:23,491] INFO: - docker-compose.yml.20260513041323.bak.gz | riesgo=operativo | edad_dias=10.7 | size_kb=2.5
[2026-05-31 21:41:23,491] INFO: - openclaw.env.20260513040619.bak.gz | riesgo=alto | edad_dias=10.7 | size_kb=1.2
[2026-05-31 21:51:32,564] INFO: Detectados 13 backups en V:\Sistema_Operativo_Tesis_Posgrado\config\backups
[2026-05-31 21:51:32,568] INFO: [BACKUP-ROTATE] Modo: DRY-RUN | Archivos: 13 -> 4 | MB: 0.21 -> 0.01
[2026-05-31 21:51:32,568] INFO: [BACKUP-ROTATE] Candidatos a borrar: 9
[2026-05-31 21:51:32,568] INFO: - 00_sistema_tesis_canon_events.jsonl.20260504_025840.bak.gz | riesgo=critico | edad_dias=27.8 | size_kb=110.1
[2026-05-31 21:51:32,568] INFO: - 00_sistema_tesis_decisiones_2026-05-02_DEC-0031_adopcion_mission_control.md.20260504_025840.bak.gz | riesgo=critico | edad_dias=27.8 | size_kb=1.5
[2026-05-31 21:51:32,568] INFO: - 00_sistema_tesis_decisiones_2026-05-02_DEC-0032_arquitectura_ingesta_consumption_pets.md.20260504_025840.bak.gz | riesgo=critico | edad_dias=27.8 | size_kb=2.7
[2026-05-31 21:51:32,568] INFO: - log_sesiones_trabajo_registradas.md.20260514_165200.bak.gz | riesgo=critico | edad_dias=17.2 | size_kb=41.9
[2026-05-31 21:51:32,568] INFO: - Dockerfile.tablero-gobernanza.20260514_backup.bak.gz | riesgo=operativo | edad_dias=17.0 | size_kb=1.0
[2026-05-31 21:51:32,568] INFO: - log_sesiones_trabajo_registradas.md.20260507T041421Z.bak.gz | riesgo=critico | edad_dias=17.0 | size_kb=42.0
[2026-05-31 21:51:32,568] INFO: - matriz_trazabilidad.md.20260507T041421Z.bak.gz | riesgo=critico | edad_dias=17.0 | size_kb=6.5
[2026-05-31 21:51:32,568] INFO: - docker-compose.yml.20260513041323.bak.gz | riesgo=operativo | edad_dias=10.7 | size_kb=2.5
[2026-05-31 21:51:32,568] INFO: - openclaw.env.20260513040619.bak.gz | riesgo=alto | edad_dias=10.7 | size_kb=1.2
[2026-06-01 02:02:54,111] INFO: Detectados 13 backups en V:\Sistema_Operativo_Tesis_Posgrado\config\backups
[2026-06-01 02:02:54,114] INFO: [BACKUP-ROTATE] Modo: DRY-RUN | Archivos: 13 -> 4 | MB: 0.21 -> 0.01
[2026-06-01 02:02:54,114] INFO: [BACKUP-ROTATE] Candidatos a borrar: 9
[2026-06-01 02:02:54,114] INFO: - 00_sistema_tesis_canon_events.jsonl.20260504_025840.bak.gz | riesgo=critico | edad_dias=28.0 | size_kb=110.1
[2026-06-01 02:02:54,114] INFO: - 00_sistema_tesis_decisiones_2026-05-02_DEC-0031_adopcion_mission_control.md.20260504_025840.bak.gz | riesgo=critico | edad_dias=28.0 | size_kb=1.5
[2026-06-01 02:02:54,114] INFO: - 00_sistema_tesis_decisiones_2026-05-02_DEC-0032_arquitectura_ingesta_consumption_pets.md.20260504_025840.bak.gz | riesgo=critico | edad_dias=28.0 | size_kb=2.7
[2026-06-01 02:02:54,114] INFO: - log_sesiones_trabajo_registradas.md.20260514_165200.bak.gz | riesgo=critico | edad_dias=17.4 | size_kb=41.9
[2026-06-01 02:02:54,114] INFO: - Dockerfile.tablero-gobernanza.20260514_backup.bak.gz | riesgo=operativo | edad_dias=17.2 | size_kb=1.0
[2026-06-01 02:02:54,114] INFO: - log_sesiones_trabajo_registradas.md.20260507T041421Z.bak.gz | riesgo=critico | edad_dias=17.2 | size_kb=42.0
[2026-06-01 02:02:54,114] INFO: - matriz_trazabilidad.md.20260507T041421Z.bak.gz | riesgo=critico | edad_dias=17.2 | size_kb=6.5
[2026-06-01 02:02:54,114] INFO: - docker-compose.yml.20260513041323.bak.gz | riesgo=operativo | edad_dias=10.9 | size_kb=2.5
[2026-06-01 02:02:54,114] INFO: - openclaw.env.20260513040619.bak.gz | riesgo=alto | edad_dias=10.9 | size_kb=1.2
[2026-06-01 02:05:21,977] INFO: Detectados 13 backups en V:\Sistema_Operativo_Tesis_Posgrado\config\backups
[2026-06-01 02:05:21,979] INFO: [BACKUP-ROTATE] Modo: DRY-RUN | Archivos: 13 -> 4 | MB: 0.21 -> 0.01
[2026-06-01 02:05:21,979] INFO: [BACKUP-ROTATE] Candidatos a borrar: 9
[2026-06-01 02:05:21,979] INFO: - 00_sistema_tesis_canon_events.jsonl.20260504_025840.bak.gz | riesgo=critico | edad_dias=28.0 | size_kb=110.1
[2026-06-01 02:05:21,979] INFO: - 00_sistema_tesis_decisiones_2026-05-02_DEC-0031_adopcion_mission_control.md.20260504_025840.bak.gz | riesgo=critico | edad_dias=28.0 | size_kb=1.5
[2026-06-01 02:05:21,979] INFO: - 00_sistema_tesis_decisiones_2026-05-02_DEC-0032_arquitectura_ingesta_consumption_pets.md.20260504_025840.bak.gz | riesgo=critico | edad_dias=28.0 | size_kb=2.7
[2026-06-01 02:05:21,979] INFO: - log_sesiones_trabajo_registradas.md.20260514_165200.bak.gz | riesgo=critico | edad_dias=17.4 | size_kb=41.9
[2026-06-01 02:05:21,979] INFO: - Dockerfile.tablero-gobernanza.20260514_backup.bak.gz | riesgo=operativo | edad_dias=17.2 | size_kb=1.0
[2026-06-01 02:05:21,979] INFO: - log_sesiones_trabajo_registradas.md.20260507T041421Z.bak.gz | riesgo=critico | edad_dias=17.2 | size_kb=42.0
[2026-06-01 02:05:21,979] INFO: - matriz_trazabilidad.md.20260507T041421Z.bak.gz | riesgo=critico | edad_dias=17.2 | size_kb=6.5
[2026-06-01 02:05:21,979] INFO: - docker-compose.yml.20260513041323.bak.gz | riesgo=operativo | edad_dias=10.9 | size_kb=2.5
[2026-06-01 02:05:21,979] INFO: - openclaw.env.20260513040619.bak.gz | riesgo=alto | edad_dias=10.9 | size_kb=1.2
[2026-06-01 02:13:18,407] INFO: Detectados 13 backups en V:\Sistema_Operativo_Tesis_Posgrado\config\backups
[2026-06-01 02:13:18,409] INFO: [BACKUP-ROTATE] Modo: DRY-RUN | Archivos: 13 -> 4 | MB: 0.21 -> 0.01
[2026-06-01 02:13:18,410] INFO: [BACKUP-ROTATE] Candidatos a borrar: 9
[2026-06-01 02:13:18,410] INFO: - 00_sistema_tesis_canon_events.jsonl.20260504_025840.bak.gz | riesgo=critico | edad_dias=28.0 | size_kb=110.1
[2026-06-01 02:13:18,410] INFO: - 00_sistema_tesis_decisiones_2026-05-02_DEC-0031_adopcion_mission_control.md.20260504_025840.bak.gz | riesgo=critico | edad_dias=28.0 | size_kb=1.5
[2026-06-01 02:13:18,410] INFO: - 00_sistema_tesis_decisiones_2026-05-02_DEC-0032_arquitectura_ingesta_consumption_pets.md.20260504_025840.bak.gz | riesgo=critico | edad_dias=28.0 | size_kb=2.7
[2026-06-01 02:13:18,410] INFO: - log_sesiones_trabajo_registradas.md.20260514_165200.bak.gz | riesgo=critico | edad_dias=17.4 | size_kb=41.9
[2026-06-01 02:13:18,410] INFO: - Dockerfile.tablero-gobernanza.20260514_backup.bak.gz | riesgo=operativo | edad_dias=17.2 | size_kb=1.0
[2026-06-01 02:13:18,410] INFO: - log_sesiones_trabajo_registradas.md.20260507T041421Z.bak.gz | riesgo=critico | edad_dias=17.2 | size_kb=42.0
[2026-06-01 02:13:18,410] INFO: - matriz_trazabilidad.md.20260507T041421Z.bak.gz | riesgo=critico | edad_dias=17.2 | size_kb=6.5
[2026-06-01 02:13:18,410] INFO: - docker-compose.yml.20260513041323.bak.gz | riesgo=operativo | edad_dias=10.9 | size_kb=2.5
[2026-06-01 02:13:18,410] INFO: - openclaw.env.20260513040619.bak.gz | riesgo=alto | edad_dias=10.9 | size_kb=1.2
[2026-06-01 02:15:38,680] INFO: Detectados 13 backups en V:\Sistema_Operativo_Tesis_Posgrado\config\backups
[2026-06-01 02:15:38,683] INFO: [BACKUP-ROTATE] Modo: DRY-RUN | Archivos: 13 -> 4 | MB: 0.21 -> 0.01
[2026-06-01 02:15:38,683] INFO: [BACKUP-ROTATE] Candidatos a borrar: 9
[2026-06-01 02:15:38,683] INFO: - 00_sistema_tesis_canon_events.jsonl.20260504_025840.bak.gz | riesgo=critico | edad_dias=28.0 | size_kb=110.1
[2026-06-01 02:15:38,683] INFO: - 00_sistema_tesis_decisiones_2026-05-02_DEC-0031_adopcion_mission_control.md.20260504_025840.bak.gz | riesgo=critico | edad_dias=28.0 | size_kb=1.5
[2026-06-01 02:15:38,683] INFO: - 00_sistema_tesis_decisiones_2026-05-02_DEC-0032_arquitectura_ingesta_consumption_pets.md.20260504_025840.bak.gz | riesgo=critico | edad_dias=28.0 | size_kb=2.7
[2026-06-01 02:15:38,683] INFO: - log_sesiones_trabajo_registradas.md.20260514_165200.bak.gz | riesgo=critico | edad_dias=17.4 | size_kb=41.9
[2026-06-01 02:15:38,683] INFO: - Dockerfile.tablero-gobernanza.20260514_backup.bak.gz | riesgo=operativo | edad_dias=17.2 | size_kb=1.0
[2026-06-01 02:15:38,684] INFO: - log_sesiones_trabajo_registradas.md.20260507T041421Z.bak.gz | riesgo=critico | edad_dias=17.2 | size_kb=42.0
[2026-06-01 02:15:38,684] INFO: - matriz_trazabilidad.md.20260507T041421Z.bak.gz | riesgo=critico | edad_dias=17.2 | size_kb=6.5
[2026-06-01 02:15:38,684] INFO: - docker-compose.yml.20260513041323.bak.gz | riesgo=operativo | edad_dias=10.9 | size_kb=2.5
[2026-06-01 02:15:38,684] INFO: - openclaw.env.20260513040619.bak.gz | riesgo=alto | edad_dias=10.9 | size_kb=1.2
[2026-06-01 02:24:15,748] INFO: Detectados 13 backups en V:\Sistema_Operativo_Tesis_Posgrado\config\backups
[2026-06-01 02:24:15,752] INFO: [BACKUP-ROTATE] Modo: DRY-RUN | Archivos: 13 -> 4 | MB: 0.21 -> 0.01
[2026-06-01 02:24:15,752] INFO: [BACKUP-ROTATE] Candidatos a borrar: 9
[2026-06-01 02:24:15,752] INFO: - 00_sistema_tesis_canon_events.jsonl.20260504_025840.bak.gz | riesgo=critico | edad_dias=28.0 | size_kb=110.1
[2026-06-01 02:24:15,752] INFO: - 00_sistema_tesis_decisiones_2026-05-02_DEC-0031_adopcion_mission_control.md.20260504_025840.bak.gz | riesgo=critico | edad_dias=28.0 | size_kb=1.5
[2026-06-01 02:24:15,752] INFO: - 00_sistema_tesis_decisiones_2026-05-02_DEC-0032_arquitectura_ingesta_consumption_pets.md.20260504_025840.bak.gz | riesgo=critico | edad_dias=28.0 | size_kb=2.7
[2026-06-01 02:24:15,752] INFO: - log_sesiones_trabajo_registradas.md.20260514_165200.bak.gz | riesgo=critico | edad_dias=17.4 | size_kb=41.9
[2026-06-01 02:24:15,752] INFO: - Dockerfile.tablero-gobernanza.20260514_backup.bak.gz | riesgo=operativo | edad_dias=17.2 | size_kb=1.0
[2026-06-01 02:24:15,752] INFO: - log_sesiones_trabajo_registradas.md.20260507T041421Z.bak.gz | riesgo=critico | edad_dias=17.2 | size_kb=42.0
[2026-06-01 02:24:15,752] INFO: - matriz_trazabilidad.md.20260507T041421Z.bak.gz | riesgo=critico | edad_dias=17.2 | size_kb=6.5
[2026-06-01 02:24:15,752] INFO: - docker-compose.yml.20260513041323.bak.gz | riesgo=operativo | edad_dias=10.9 | size_kb=2.5
[2026-06-01 02:24:15,752] INFO: - openclaw.env.20260513040619.bak.gz | riesgo=alto | edad_dias=10.9 | size_kb=1.2
[2026-06-01 02:59:14,307] INFO: Detectados 13 backups en V:\Sistema_Operativo_Tesis_Posgrado\config\backups
[2026-06-01 02:59:14,309] INFO: [BACKUP-ROTATE] Modo: DRY-RUN | Archivos: 13 -> 4 | MB: 0.21 -> 0.01
[2026-06-01 02:59:14,309] INFO: [BACKUP-ROTATE] Candidatos a borrar: 9
[2026-06-01 02:59:14,309] INFO: - 00_sistema_tesis_canon_events.jsonl.20260504_025840.bak.gz | riesgo=critico | edad_dias=28.0 | size_kb=110.1
[2026-06-01 02:59:14,309] INFO: - 00_sistema_tesis_decisiones_2026-05-02_DEC-0031_adopcion_mission_control.md.20260504_025840.bak.gz | riesgo=critico | edad_dias=28.0 | size_kb=1.5
[2026-06-01 02:59:14,309] INFO: - 00_sistema_tesis_decisiones_2026-05-02_DEC-0032_arquitectura_ingesta_consumption_pets.md.20260504_025840.bak.gz | riesgo=critico | edad_dias=28.0 | size_kb=2.7
[2026-06-01 02:59:14,309] INFO: - log_sesiones_trabajo_registradas.md.20260514_165200.bak.gz | riesgo=critico | edad_dias=17.4 | size_kb=41.9
[2026-06-01 02:59:14,309] INFO: - Dockerfile.tablero-gobernanza.20260514_backup.bak.gz | riesgo=operativo | edad_dias=17.2 | size_kb=1.0
[2026-06-01 02:59:14,309] INFO: - log_sesiones_trabajo_registradas.md.20260507T041421Z.bak.gz | riesgo=critico | edad_dias=17.2 | size_kb=42.0
[2026-06-01 02:59:14,309] INFO: - matriz_trazabilidad.md.20260507T041421Z.bak.gz | riesgo=critico | edad_dias=17.2 | size_kb=6.5
[2026-06-01 02:59:14,309] INFO: - docker-compose.yml.20260513041323.bak.gz | riesgo=operativo | edad_dias=11.0 | size_kb=2.5
[2026-06-01 02:59:14,309] INFO: - openclaw.env.20260513040619.bak.gz | riesgo=alto | edad_dias=11.0 | size_kb=1.2
[2026-06-01 04:11:18,148] INFO: Detectados 13 backups en V:\Sistema_Operativo_Tesis_Posgrado\config\backups
[2026-06-01 04:11:18,150] INFO: [BACKUP-ROTATE] Modo: DRY-RUN | Archivos: 13 -> 4 | MB: 0.21 -> 0.01
[2026-06-01 04:11:18,150] INFO: [BACKUP-ROTATE] Candidatos a borrar: 9
[2026-06-01 04:11:18,150] INFO: - 00_sistema_tesis_canon_events.jsonl.20260504_025840.bak.gz | riesgo=critico | edad_dias=28.1 | size_kb=110.1
[2026-06-01 04:11:18,150] INFO: - 00_sistema_tesis_decisiones_2026-05-02_DEC-0031_adopcion_mission_control.md.20260504_025840.bak.gz | riesgo=critico | edad_dias=28.1 | size_kb=1.5
[2026-06-01 04:11:18,150] INFO: - 00_sistema_tesis_decisiones_2026-05-02_DEC-0032_arquitectura_ingesta_consumption_pets.md.20260504_025840.bak.gz | riesgo=critico | edad_dias=28.1 | size_kb=2.7
[2026-06-01 04:11:18,150] INFO: - log_sesiones_trabajo_registradas.md.20260514_165200.bak.gz | riesgo=critico | edad_dias=17.5 | size_kb=41.9
[2026-06-01 04:11:18,150] INFO: - Dockerfile.tablero-gobernanza.20260514_backup.bak.gz | riesgo=operativo | edad_dias=17.3 | size_kb=1.0
[2026-06-01 04:11:18,151] INFO: - log_sesiones_trabajo_registradas.md.20260507T041421Z.bak.gz | riesgo=critico | edad_dias=17.3 | size_kb=42.0
[2026-06-01 04:11:18,151] INFO: - matriz_trazabilidad.md.20260507T041421Z.bak.gz | riesgo=critico | edad_dias=17.3 | size_kb=6.5
[2026-06-01 04:11:18,151] INFO: - docker-compose.yml.20260513041323.bak.gz | riesgo=operativo | edad_dias=11.0 | size_kb=2.5
[2026-06-01 04:11:18,151] INFO: - openclaw.env.20260513040619.bak.gz | riesgo=alto | edad_dias=11.0 | size_kb=1.2
[2026-06-01 04:19:42,901] INFO: Detectados 13 backups en V:\Sistema_Operativo_Tesis_Posgrado\config\backups
[2026-06-01 04:19:42,904] INFO: [BACKUP-ROTATE] Modo: DRY-RUN | Archivos: 13 -> 4 | MB: 0.21 -> 0.01
[2026-06-01 04:19:42,904] INFO: [BACKUP-ROTATE] Candidatos a borrar: 9
[2026-06-01 04:19:42,904] INFO: - 00_sistema_tesis_canon_events.jsonl.20260504_025840.bak.gz | riesgo=critico | edad_dias=28.1 | size_kb=110.1
[2026-06-01 04:19:42,904] INFO: - 00_sistema_tesis_decisiones_2026-05-02_DEC-0031_adopcion_mission_control.md.20260504_025840.bak.gz | riesgo=critico | edad_dias=28.1 | size_kb=1.5
[2026-06-01 04:19:42,904] INFO: - 00_sistema_tesis_decisiones_2026-05-02_DEC-0032_arquitectura_ingesta_consumption_pets.md.20260504_025840.bak.gz | riesgo=critico | edad_dias=28.1 | size_kb=2.7
[2026-06-01 04:19:42,904] INFO: - log_sesiones_trabajo_registradas.md.20260514_165200.bak.gz | riesgo=critico | edad_dias=17.5 | size_kb=41.9
[2026-06-01 04:19:42,904] INFO: - Dockerfile.tablero-gobernanza.20260514_backup.bak.gz | riesgo=operativo | edad_dias=17.3 | size_kb=1.0
[2026-06-01 04:19:42,904] INFO: - log_sesiones_trabajo_registradas.md.20260507T041421Z.bak.gz | riesgo=critico | edad_dias=17.3 | size_kb=42.0
[2026-06-01 04:19:42,904] INFO: - matriz_trazabilidad.md.20260507T041421Z.bak.gz | riesgo=critico | edad_dias=17.3 | size_kb=6.5
[2026-06-01 04:19:42,904] INFO: - docker-compose.yml.20260513041323.bak.gz | riesgo=operativo | edad_dias=11.0 | size_kb=2.5
[2026-06-01 04:19:42,904] INFO: - openclaw.env.20260513040619.bak.gz | riesgo=alto | edad_dias=11.0 | size_kb=1.2
[2026-06-01 04:55:53,944] INFO: Detectados 13 backups en V:\Sistema_Operativo_Tesis_Posgrado\config\backups
[2026-06-01 04:55:53,947] INFO: [BACKUP-ROTATE] Modo: DRY-RUN | Archivos: 13 -> 4 | MB: 0.21 -> 0.01
[2026-06-01 04:55:53,947] INFO: [BACKUP-ROTATE] Candidatos a borrar: 9
[2026-06-01 04:55:53,947] INFO: - 00_sistema_tesis_canon_events.jsonl.20260504_025840.bak.gz | riesgo=critico | edad_dias=28.1 | size_kb=110.1
[2026-06-01 04:55:53,947] INFO: - 00_sistema_tesis_decisiones_2026-05-02_DEC-0031_adopcion_mission_control.md.20260504_025840.bak.gz | riesgo=critico | edad_dias=28.1 | size_kb=1.5
[2026-06-01 04:55:53,947] INFO: - 00_sistema_tesis_decisiones_2026-05-02_DEC-0032_arquitectura_ingesta_consumption_pets.md.20260504_025840.bak.gz | riesgo=critico | edad_dias=28.1 | size_kb=2.7
[2026-06-01 04:55:53,947] INFO: - log_sesiones_trabajo_registradas.md.20260514_165200.bak.gz | riesgo=critico | edad_dias=17.5 | size_kb=41.9
[2026-06-01 04:55:53,947] INFO: - Dockerfile.tablero-gobernanza.20260514_backup.bak.gz | riesgo=operativo | edad_dias=17.3 | size_kb=1.0
[2026-06-01 04:55:53,947] INFO: - log_sesiones_trabajo_registradas.md.20260507T041421Z.bak.gz | riesgo=critico | edad_dias=17.3 | size_kb=42.0
[2026-06-01 04:55:53,947] INFO: - matriz_trazabilidad.md.20260507T041421Z.bak.gz | riesgo=critico | edad_dias=17.3 | size_kb=6.5
[2026-06-01 04:55:53,947] INFO: - docker-compose.yml.20260513041323.bak.gz | riesgo=operativo | edad_dias=11.0 | size_kb=2.5
[2026-06-01 04:55:53,947] INFO: - openclaw.env.20260513040619.bak.gz | riesgo=alto | edad_dias=11.0 | size_kb=1.2
[2026-06-01 05:08:57,885] INFO: Detectados 13 backups en V:\Sistema_Operativo_Tesis_Posgrado\config\backups
[2026-06-01 05:08:57,887] INFO: [BACKUP-ROTATE] Modo: DRY-RUN | Archivos: 13 -> 4 | MB: 0.21 -> 0.01
[2026-06-01 05:08:57,887] INFO: [BACKUP-ROTATE] Candidatos a borrar: 9
[2026-06-01 05:08:57,887] INFO: - 00_sistema_tesis_canon_events.jsonl.20260504_025840.bak.gz | riesgo=critico | edad_dias=28.1 | size_kb=110.1
[2026-06-01 05:08:57,887] INFO: - 00_sistema_tesis_decisiones_2026-05-02_DEC-0031_adopcion_mission_control.md.20260504_025840.bak.gz | riesgo=critico | edad_dias=28.1 | size_kb=1.5
[2026-06-01 05:08:57,887] INFO: - 00_sistema_tesis_decisiones_2026-05-02_DEC-0032_arquitectura_ingesta_consumption_pets.md.20260504_025840.bak.gz | riesgo=critico | edad_dias=28.1 | size_kb=2.7
[2026-06-01 05:08:57,887] INFO: - log_sesiones_trabajo_registradas.md.20260514_165200.bak.gz | riesgo=critico | edad_dias=17.5 | size_kb=41.9
[2026-06-01 05:08:57,887] INFO: - Dockerfile.tablero-gobernanza.20260514_backup.bak.gz | riesgo=operativo | edad_dias=17.3 | size_kb=1.0
[2026-06-01 05:08:57,887] INFO: - log_sesiones_trabajo_registradas.md.20260507T041421Z.bak.gz | riesgo=critico | edad_dias=17.3 | size_kb=42.0
[2026-06-01 05:08:57,887] INFO: - matriz_trazabilidad.md.20260507T041421Z.bak.gz | riesgo=critico | edad_dias=17.3 | size_kb=6.5
[2026-06-01 05:08:57,887] INFO: - docker-compose.yml.20260513041323.bak.gz | riesgo=operativo | edad_dias=11.0 | size_kb=2.5
[2026-06-01 05:08:57,887] INFO: - openclaw.env.20260513040619.bak.gz | riesgo=alto | edad_dias=11.0 | size_kb=1.2
[2026-06-01 05:17:50,350] INFO: Detectados 13 backups en V:\Sistema_Operativo_Tesis_Posgrado\config\backups
[2026-06-01 05:17:50,352] INFO: [BACKUP-ROTATE] Modo: DRY-RUN | Archivos: 13 -> 4 | MB: 0.21 -> 0.01
[2026-06-01 05:17:50,352] INFO: [BACKUP-ROTATE] Candidatos a borrar: 9
[2026-06-01 05:17:50,352] INFO: - 00_sistema_tesis_canon_events.jsonl.20260504_025840.bak.gz | riesgo=critico | edad_dias=28.1 | size_kb=110.1
[2026-06-01 05:17:50,352] INFO: - 00_sistema_tesis_decisiones_2026-05-02_DEC-0031_adopcion_mission_control.md.20260504_025840.bak.gz | riesgo=critico | edad_dias=28.1 | size_kb=1.5
[2026-06-01 05:17:50,352] INFO: - 00_sistema_tesis_decisiones_2026-05-02_DEC-0032_arquitectura_ingesta_consumption_pets.md.20260504_025840.bak.gz | riesgo=critico | edad_dias=28.1 | size_kb=2.7
[2026-06-01 05:17:50,352] INFO: - log_sesiones_trabajo_registradas.md.20260514_165200.bak.gz | riesgo=critico | edad_dias=17.5 | size_kb=41.9
[2026-06-01 05:17:50,352] INFO: - Dockerfile.tablero-gobernanza.20260514_backup.bak.gz | riesgo=operativo | edad_dias=17.3 | size_kb=1.0
[2026-06-01 05:17:50,352] INFO: - log_sesiones_trabajo_registradas.md.20260507T041421Z.bak.gz | riesgo=critico | edad_dias=17.3 | size_kb=42.0
[2026-06-01 05:17:50,352] INFO: - matriz_trazabilidad.md.20260507T041421Z.bak.gz | riesgo=critico | edad_dias=17.3 | size_kb=6.5
[2026-06-01 05:17:50,352] INFO: - docker-compose.yml.20260513041323.bak.gz | riesgo=operativo | edad_dias=11.1 | size_kb=2.5
[2026-06-01 05:17:50,352] INFO: - openclaw.env.20260513040619.bak.gz | riesgo=alto | edad_dias=11.1 | size_kb=1.2
[2026-06-01 19:16:27,019] INFO: Detectados 13 backups en V:\Sistema_Operativo_Tesis_Posgrado\config\backups
[2026-06-01 19:16:27,024] INFO: [BACKUP-ROTATE] Modo: DRY-RUN | Archivos: 13 -> 4 | MB: 0.21 -> 0.01
[2026-06-01 19:16:27,024] INFO: [BACKUP-ROTATE] Candidatos a borrar: 9
[2026-06-01 19:16:27,024] INFO: - 00_sistema_tesis_canon_events.jsonl.20260504_025840.bak.gz | riesgo=critico | edad_dias=28.7 | size_kb=110.1
[2026-06-01 19:16:27,024] INFO: - 00_sistema_tesis_decisiones_2026-05-02_DEC-0031_adopcion_mission_control.md.20260504_025840.bak.gz | riesgo=critico | edad_dias=28.7 | size_kb=1.5
[2026-06-01 19:16:27,024] INFO: - 00_sistema_tesis_decisiones_2026-05-02_DEC-0032_arquitectura_ingesta_consumption_pets.md.20260504_025840.bak.gz | riesgo=critico | edad_dias=28.7 | size_kb=2.7
[2026-06-01 19:16:27,024] INFO: - log_sesiones_trabajo_registradas.md.20260514_165200.bak.gz | riesgo=critico | edad_dias=18.1 | size_kb=41.9
[2026-06-01 19:16:27,024] INFO: - Dockerfile.tablero-gobernanza.20260514_backup.bak.gz | riesgo=operativo | edad_dias=17.9 | size_kb=1.0
[2026-06-01 19:16:27,024] INFO: - log_sesiones_trabajo_registradas.md.20260507T041421Z.bak.gz | riesgo=critico | edad_dias=17.9 | size_kb=42.0
[2026-06-01 19:16:27,024] INFO: - matriz_trazabilidad.md.20260507T041421Z.bak.gz | riesgo=critico | edad_dias=17.9 | size_kb=6.5
[2026-06-01 19:16:27,024] INFO: - docker-compose.yml.20260513041323.bak.gz | riesgo=operativo | edad_dias=11.6 | size_kb=2.5
[2026-06-01 19:16:27,024] INFO: - openclaw.env.20260513040619.bak.gz | riesgo=alto | edad_dias=11.6 | size_kb=1.2
[2026-06-01 20:40:55,946] INFO: Detectados 13 backups en V:\Sistema_Operativo_Tesis_Posgrado\config\backups
[2026-06-01 20:40:55,949] INFO: [BACKUP-ROTATE] Modo: DRY-RUN | Archivos: 13 -> 4 | MB: 0.21 -> 0.01
[2026-06-01 20:40:55,949] INFO: [BACKUP-ROTATE] Candidatos a borrar: 9
[2026-06-01 20:40:55,949] INFO: - 00_sistema_tesis_canon_events.jsonl.20260504_025840.bak.gz | riesgo=critico | edad_dias=28.7 | size_kb=110.1
[2026-06-01 20:40:55,949] INFO: - 00_sistema_tesis_decisiones_2026-05-02_DEC-0031_adopcion_mission_control.md.20260504_025840.bak.gz | riesgo=critico | edad_dias=28.7 | size_kb=1.5
[2026-06-01 20:40:55,949] INFO: - 00_sistema_tesis_decisiones_2026-05-02_DEC-0032_arquitectura_ingesta_consumption_pets.md.20260504_025840.bak.gz | riesgo=critico | edad_dias=28.7 | size_kb=2.7
[2026-06-01 20:40:55,949] INFO: - log_sesiones_trabajo_registradas.md.20260514_165200.bak.gz | riesgo=critico | edad_dias=18.2 | size_kb=41.9
[2026-06-01 20:40:55,949] INFO: - Dockerfile.tablero-gobernanza.20260514_backup.bak.gz | riesgo=operativo | edad_dias=18.0 | size_kb=1.0
[2026-06-01 20:40:55,950] INFO: - log_sesiones_trabajo_registradas.md.20260507T041421Z.bak.gz | riesgo=critico | edad_dias=18.0 | size_kb=42.0
[2026-06-01 20:40:55,950] INFO: - matriz_trazabilidad.md.20260507T041421Z.bak.gz | riesgo=critico | edad_dias=18.0 | size_kb=6.5
[2026-06-01 20:40:55,950] INFO: - docker-compose.yml.20260513041323.bak.gz | riesgo=operativo | edad_dias=11.7 | size_kb=2.5
[2026-06-01 20:40:55,950] INFO: - openclaw.env.20260513040619.bak.gz | riesgo=alto | edad_dias=11.7 | size_kb=1.2
[2026-06-01 21:02:56,050] INFO: Detectados 13 backups en V:\Sistema_Operativo_Tesis_Posgrado\config\backups
[2026-06-01 21:02:56,052] INFO: [BACKUP-ROTATE] Modo: DRY-RUN | Archivos: 13 -> 4 | MB: 0.21 -> 0.01
[2026-06-01 21:02:56,052] INFO: [BACKUP-ROTATE] Candidatos a borrar: 9
[2026-06-01 21:02:56,052] INFO: - 00_sistema_tesis_canon_events.jsonl.20260504_025840.bak.gz | riesgo=critico | edad_dias=28.8 | size_kb=110.1
[2026-06-01 21:02:56,052] INFO: - 00_sistema_tesis_decisiones_2026-05-02_DEC-0031_adopcion_mission_control.md.20260504_025840.bak.gz | riesgo=critico | edad_dias=28.8 | size_kb=1.5
[2026-06-01 21:02:56,052] INFO: - 00_sistema_tesis_decisiones_2026-05-02_DEC-0032_arquitectura_ingesta_consumption_pets.md.20260504_025840.bak.gz | riesgo=critico | edad_dias=28.8 | size_kb=2.7
[2026-06-01 21:02:56,052] INFO: - log_sesiones_trabajo_registradas.md.20260514_165200.bak.gz | riesgo=critico | edad_dias=18.2 | size_kb=41.9
[2026-06-01 21:02:56,052] INFO: - Dockerfile.tablero-gobernanza.20260514_backup.bak.gz | riesgo=operativo | edad_dias=18.0 | size_kb=1.0
[2026-06-01 21:02:56,052] INFO: - log_sesiones_trabajo_registradas.md.20260507T041421Z.bak.gz | riesgo=critico | edad_dias=18.0 | size_kb=42.0
[2026-06-01 21:02:56,052] INFO: - matriz_trazabilidad.md.20260507T041421Z.bak.gz | riesgo=critico | edad_dias=18.0 | size_kb=6.5
[2026-06-01 21:02:56,052] INFO: - docker-compose.yml.20260513041323.bak.gz | riesgo=operativo | edad_dias=11.7 | size_kb=2.5
[2026-06-01 21:02:56,052] INFO: - openclaw.env.20260513040619.bak.gz | riesgo=alto | edad_dias=11.7 | size_kb=1.2
[2026-06-03 04:46:24,434] INFO: Detectados 13 backups en V:\Sistema_Operativo_Tesis_Posgrado\config\backups
[2026-06-03 04:46:24,437] INFO: [BACKUP-ROTATE] Modo: DRY-RUN | Archivos: 13 -> 4 | MB: 0.21 -> 0.01
[2026-06-03 04:46:24,437] INFO: [BACKUP-ROTATE] Candidatos a borrar: 9
[2026-06-03 04:46:24,437] INFO: - 00_sistema_tesis_canon_events.jsonl.20260504_025840.bak.gz | riesgo=critico | edad_dias=30.1 | size_kb=110.1
[2026-06-03 04:46:24,437] INFO: - 00_sistema_tesis_decisiones_2026-05-02_DEC-0031_adopcion_mission_control.md.20260504_025840.bak.gz | riesgo=critico | edad_dias=30.1 | size_kb=1.5
[2026-06-03 04:46:24,437] INFO: - 00_sistema_tesis_decisiones_2026-05-02_DEC-0032_arquitectura_ingesta_consumption_pets.md.20260504_025840.bak.gz | riesgo=critico | edad_dias=30.1 | size_kb=2.7
[2026-06-03 04:46:24,437] INFO: - log_sesiones_trabajo_registradas.md.20260514_165200.bak.gz | riesgo=critico | edad_dias=19.5 | size_kb=41.9
[2026-06-03 04:46:24,437] INFO: - Dockerfile.tablero-gobernanza.20260514_backup.bak.gz | riesgo=operativo | edad_dias=19.3 | size_kb=1.0
[2026-06-03 04:46:24,437] INFO: - log_sesiones_trabajo_registradas.md.20260507T041421Z.bak.gz | riesgo=critico | edad_dias=19.3 | size_kb=42.0
[2026-06-03 04:46:24,438] INFO: - matriz_trazabilidad.md.20260507T041421Z.bak.gz | riesgo=critico | edad_dias=19.3 | size_kb=6.5
[2026-06-03 04:46:24,438] INFO: - docker-compose.yml.20260513041323.bak.gz | riesgo=operativo | edad_dias=13.0 | size_kb=2.5
[2026-06-03 04:46:24,438] INFO: - openclaw.env.20260513040619.bak.gz | riesgo=alto | edad_dias=13.0 | size_kb=1.2
[2026-06-03 04:58:40,135] INFO: Detectados 13 backups en V:\Sistema_Operativo_Tesis_Posgrado\config\backups
[2026-06-03 04:58:40,138] INFO: [BACKUP-ROTATE] Modo: DRY-RUN | Archivos: 13 -> 4 | MB: 0.21 -> 0.01
[2026-06-03 04:58:40,139] INFO: [BACKUP-ROTATE] Candidatos a borrar: 9
[2026-06-03 04:58:40,139] INFO: - 00_sistema_tesis_canon_events.jsonl.20260504_025840.bak.gz | riesgo=critico | edad_dias=30.1 | size_kb=110.1
[2026-06-03 04:58:40,139] INFO: - 00_sistema_tesis_decisiones_2026-05-02_DEC-0031_adopcion_mission_control.md.20260504_025840.bak.gz | riesgo=critico | edad_dias=30.1 | size_kb=1.5
[2026-06-03 04:58:40,139] INFO: - 00_sistema_tesis_decisiones_2026-05-02_DEC-0032_arquitectura_ingesta_consumption_pets.md.20260504_025840.bak.gz | riesgo=critico | edad_dias=30.1 | size_kb=2.7
[2026-06-03 04:58:40,139] INFO: - log_sesiones_trabajo_registradas.md.20260514_165200.bak.gz | riesgo=critico | edad_dias=19.5 | size_kb=41.9
[2026-06-03 04:58:40,139] INFO: - Dockerfile.tablero-gobernanza.20260514_backup.bak.gz | riesgo=operativo | edad_dias=19.3 | size_kb=1.0
[2026-06-03 04:58:40,139] INFO: - log_sesiones_trabajo_registradas.md.20260507T041421Z.bak.gz | riesgo=critico | edad_dias=19.3 | size_kb=42.0
[2026-06-03 04:58:40,139] INFO: - matriz_trazabilidad.md.20260507T041421Z.bak.gz | riesgo=critico | edad_dias=19.3 | size_kb=6.5
[2026-06-03 04:58:40,139] INFO: - docker-compose.yml.20260513041323.bak.gz | riesgo=operativo | edad_dias=13.0 | size_kb=2.5
[2026-06-03 04:58:40,139] INFO: - openclaw.env.20260513040619.bak.gz | riesgo=alto | edad_dias=13.0 | size_kb=1.2
[2026-06-03 05:18:06,818] INFO: Detectados 13 backups en V:\Sistema_Operativo_Tesis_Posgrado\config\backups
[2026-06-03 05:18:06,820] INFO: [BACKUP-ROTATE] Modo: DRY-RUN | Archivos: 13 -> 4 | MB: 0.21 -> 0.01
[2026-06-03 05:18:06,820] INFO: [BACKUP-ROTATE] Candidatos a borrar: 9
[2026-06-03 05:18:06,820] INFO: - 00_sistema_tesis_canon_events.jsonl.20260504_025840.bak.gz | riesgo=critico | edad_dias=30.1 | size_kb=110.1
[2026-06-03 05:18:06,820] INFO: - 00_sistema_tesis_decisiones_2026-05-02_DEC-0031_adopcion_mission_control.md.20260504_025840.bak.gz | riesgo=critico | edad_dias=30.1 | size_kb=1.5
[2026-06-03 05:18:06,821] INFO: - 00_sistema_tesis_decisiones_2026-05-02_DEC-0032_arquitectura_ingesta_consumption_pets.md.20260504_025840.bak.gz | riesgo=critico | edad_dias=30.1 | size_kb=2.7
[2026-06-03 05:18:06,821] INFO: - log_sesiones_trabajo_registradas.md.20260514_165200.bak.gz | riesgo=critico | edad_dias=19.5 | size_kb=41.9
[2026-06-03 05:18:06,821] INFO: - Dockerfile.tablero-gobernanza.20260514_backup.bak.gz | riesgo=operativo | edad_dias=19.3 | size_kb=1.0
[2026-06-03 05:18:06,821] INFO: - log_sesiones_trabajo_registradas.md.20260507T041421Z.bak.gz | riesgo=critico | edad_dias=19.3 | size_kb=42.0
[2026-06-03 05:18:06,821] INFO: - matriz_trazabilidad.md.20260507T041421Z.bak.gz | riesgo=critico | edad_dias=19.3 | size_kb=6.5
[2026-06-03 05:18:06,821] INFO: - docker-compose.yml.20260513041323.bak.gz | riesgo=operativo | edad_dias=13.1 | size_kb=2.5
[2026-06-03 05:18:06,821] INFO: - openclaw.env.20260513040619.bak.gz | riesgo=alto | edad_dias=13.1 | size_kb=1.2
[2026-06-03 05:24:07,555] INFO: Detectados 13 backups en V:\Sistema_Operativo_Tesis_Posgrado\config\backups
[2026-06-03 05:24:07,559] INFO: [BACKUP-ROTATE] Modo: DRY-RUN | Archivos: 13 -> 4 | MB: 0.21 -> 0.01
[2026-06-03 05:24:07,559] INFO: [BACKUP-ROTATE] Candidatos a borrar: 9
[2026-06-03 05:24:07,559] INFO: - 00_sistema_tesis_canon_events.jsonl.20260504_025840.bak.gz | riesgo=critico | edad_dias=30.1 | size_kb=110.1
[2026-06-03 05:24:07,559] INFO: - 00_sistema_tesis_decisiones_2026-05-02_DEC-0031_adopcion_mission_control.md.20260504_025840.bak.gz | riesgo=critico | edad_dias=30.1 | size_kb=1.5
[2026-06-03 05:24:07,559] INFO: - 00_sistema_tesis_decisiones_2026-05-02_DEC-0032_arquitectura_ingesta_consumption_pets.md.20260504_025840.bak.gz | riesgo=critico | edad_dias=30.1 | size_kb=2.7
[2026-06-03 05:24:07,561] INFO: - log_sesiones_trabajo_registradas.md.20260514_165200.bak.gz | riesgo=critico | edad_dias=19.5 | size_kb=41.9
[2026-06-03 05:24:07,561] INFO: - Dockerfile.tablero-gobernanza.20260514_backup.bak.gz | riesgo=operativo | edad_dias=19.3 | size_kb=1.0
[2026-06-03 05:24:07,561] INFO: - log_sesiones_trabajo_registradas.md.20260507T041421Z.bak.gz | riesgo=critico | edad_dias=19.3 | size_kb=42.0
[2026-06-03 05:24:07,561] INFO: - matriz_trazabilidad.md.20260507T041421Z.bak.gz | riesgo=critico | edad_dias=19.3 | size_kb=6.5
[2026-06-03 05:24:07,561] INFO: - docker-compose.yml.20260513041323.bak.gz | riesgo=operativo | edad_dias=13.1 | size_kb=2.5
[2026-06-03 05:24:07,561] INFO: - openclaw.env.20260513040619.bak.gz | riesgo=alto | edad_dias=13.1 | size_kb=1.2
[2026-06-03 22:22:42,260] INFO: Detectados 13 backups en V:\Sistema_Operativo_Tesis_Posgrado\config\backups
[2026-06-03 22:22:42,263] INFO: [BACKUP-ROTATE] Modo: DRY-RUN | Archivos: 13 -> 4 | MB: 0.21 -> 0.01
[2026-06-03 22:22:42,263] INFO: [BACKUP-ROTATE] Candidatos a borrar: 9
[2026-06-03 22:22:42,263] INFO: - 00_sistema_tesis_canon_events.jsonl.20260504_025840.bak.gz | riesgo=critico | edad_dias=30.8 | size_kb=110.1
[2026-06-03 22:22:42,263] INFO: - 00_sistema_tesis_decisiones_2026-05-02_DEC-0031_adopcion_mission_control.md.20260504_025840.bak.gz | riesgo=critico | edad_dias=30.8 | size_kb=1.5
[2026-06-03 22:22:42,263] INFO: - 00_sistema_tesis_decisiones_2026-05-02_DEC-0032_arquitectura_ingesta_consumption_pets.md.20260504_025840.bak.gz | riesgo=critico | edad_dias=30.8 | size_kb=2.7
[2026-06-03 22:22:42,263] INFO: - log_sesiones_trabajo_registradas.md.20260514_165200.bak.gz | riesgo=critico | edad_dias=20.2 | size_kb=41.9
[2026-06-03 22:22:42,263] INFO: - Dockerfile.tablero-gobernanza.20260514_backup.bak.gz | riesgo=operativo | edad_dias=20.0 | size_kb=1.0
[2026-06-03 22:22:42,263] INFO: - log_sesiones_trabajo_registradas.md.20260507T041421Z.bak.gz | riesgo=critico | edad_dias=20.0 | size_kb=42.0
[2026-06-03 22:22:42,263] INFO: - matriz_trazabilidad.md.20260507T041421Z.bak.gz | riesgo=critico | edad_dias=20.0 | size_kb=6.5
[2026-06-03 22:22:42,263] INFO: - docker-compose.yml.20260513041323.bak.gz | riesgo=operativo | edad_dias=13.8 | size_kb=2.5
[2026-06-03 22:22:42,263] INFO: - openclaw.env.20260513040619.bak.gz | riesgo=alto | edad_dias=13.8 | size_kb=1.2
[2026-06-03 22:30:29,892] INFO: Detectados 13 backups en V:\Sistema_Operativo_Tesis_Posgrado\config\backups
[2026-06-03 22:30:29,895] INFO: [BACKUP-ROTATE] Modo: DRY-RUN | Archivos: 13 -> 4 | MB: 0.21 -> 0.01
[2026-06-03 22:30:29,895] INFO: [BACKUP-ROTATE] Candidatos a borrar: 9
[2026-06-03 22:30:29,895] INFO: - 00_sistema_tesis_canon_events.jsonl.20260504_025840.bak.gz | riesgo=critico | edad_dias=30.8 | size_kb=110.1
[2026-06-03 22:30:29,896] INFO: - 00_sistema_tesis_decisiones_2026-05-02_DEC-0031_adopcion_mission_control.md.20260504_025840.bak.gz | riesgo=critico | edad_dias=30.8 | size_kb=1.5
[2026-06-03 22:30:29,896] INFO: - 00_sistema_tesis_decisiones_2026-05-02_DEC-0032_arquitectura_ingesta_consumption_pets.md.20260504_025840.bak.gz | riesgo=critico | edad_dias=30.8 | size_kb=2.7
[2026-06-03 22:30:29,896] INFO: - log_sesiones_trabajo_registradas.md.20260514_165200.bak.gz | riesgo=critico | edad_dias=20.2 | size_kb=41.9
[2026-06-03 22:30:29,896] INFO: - Dockerfile.tablero-gobernanza.20260514_backup.bak.gz | riesgo=operativo | edad_dias=20.1 | size_kb=1.0
[2026-06-03 22:30:29,896] INFO: - log_sesiones_trabajo_registradas.md.20260507T041421Z.bak.gz | riesgo=critico | edad_dias=20.1 | size_kb=42.0
[2026-06-03 22:30:29,896] INFO: - matriz_trazabilidad.md.20260507T041421Z.bak.gz | riesgo=critico | edad_dias=20.1 | size_kb=6.5
[2026-06-03 22:30:29,896] INFO: - docker-compose.yml.20260513041323.bak.gz | riesgo=operativo | edad_dias=13.8 | size_kb=2.5
[2026-06-03 22:30:29,896] INFO: - openclaw.env.20260513040619.bak.gz | riesgo=alto | edad_dias=13.8 | size_kb=1.2
[2026-06-03 22:41:39,005] INFO: Detectados 13 backups en V:\Sistema_Operativo_Tesis_Posgrado\config\backups
[2026-06-03 22:41:39,008] INFO: [BACKUP-ROTATE] Modo: DRY-RUN | Archivos: 13 -> 4 | MB: 0.21 -> 0.01
[2026-06-03 22:41:39,008] INFO: [BACKUP-ROTATE] Candidatos a borrar: 9
[2026-06-03 22:41:39,008] INFO: - 00_sistema_tesis_canon_events.jsonl.20260504_025840.bak.gz | riesgo=critico | edad_dias=30.8 | size_kb=110.1
[2026-06-03 22:41:39,008] INFO: - 00_sistema_tesis_decisiones_2026-05-02_DEC-0031_adopcion_mission_control.md.20260504_025840.bak.gz | riesgo=critico | edad_dias=30.8 | size_kb=1.5
[2026-06-03 22:41:39,008] INFO: - 00_sistema_tesis_decisiones_2026-05-02_DEC-0032_arquitectura_ingesta_consumption_pets.md.20260504_025840.bak.gz | riesgo=critico | edad_dias=30.8 | size_kb=2.7
[2026-06-03 22:41:39,008] INFO: - log_sesiones_trabajo_registradas.md.20260514_165200.bak.gz | riesgo=critico | edad_dias=20.2 | size_kb=41.9
[2026-06-03 22:41:39,008] INFO: - Dockerfile.tablero-gobernanza.20260514_backup.bak.gz | riesgo=operativo | edad_dias=20.1 | size_kb=1.0
[2026-06-03 22:41:39,008] INFO: - log_sesiones_trabajo_registradas.md.20260507T041421Z.bak.gz | riesgo=critico | edad_dias=20.1 | size_kb=42.0
[2026-06-03 22:41:39,008] INFO: - matriz_trazabilidad.md.20260507T041421Z.bak.gz | riesgo=critico | edad_dias=20.1 | size_kb=6.5
[2026-06-03 22:41:39,008] INFO: - docker-compose.yml.20260513041323.bak.gz | riesgo=operativo | edad_dias=13.8 | size_kb=2.5
[2026-06-03 22:41:39,008] INFO: - openclaw.env.20260513040619.bak.gz | riesgo=alto | edad_dias=13.8 | size_kb=1.2
[2026-06-03 22:47:21,414] INFO: Detectados 13 backups en V:\Sistema_Operativo_Tesis_Posgrado\config\backups
[2026-06-03 22:47:21,416] INFO: [BACKUP-ROTATE] Modo: DRY-RUN | Archivos: 13 -> 4 | MB: 0.21 -> 0.01
[2026-06-03 22:47:21,416] INFO: [BACKUP-ROTATE] Candidatos a borrar: 9
[2026-06-03 22:47:21,416] INFO: - 00_sistema_tesis_canon_events.jsonl.20260504_025840.bak.gz | riesgo=critico | edad_dias=30.8 | size_kb=110.1
[2026-06-03 22:47:21,416] INFO: - 00_sistema_tesis_decisiones_2026-05-02_DEC-0031_adopcion_mission_control.md.20260504_025840.bak.gz | riesgo=critico | edad_dias=30.8 | size_kb=1.5
[2026-06-03 22:47:21,416] INFO: - 00_sistema_tesis_decisiones_2026-05-02_DEC-0032_arquitectura_ingesta_consumption_pets.md.20260504_025840.bak.gz | riesgo=critico | edad_dias=30.8 | size_kb=2.7
[2026-06-03 22:47:21,416] INFO: - log_sesiones_trabajo_registradas.md.20260514_165200.bak.gz | riesgo=critico | edad_dias=20.2 | size_kb=41.9
[2026-06-03 22:47:21,416] INFO: - Dockerfile.tablero-gobernanza.20260514_backup.bak.gz | riesgo=operativo | edad_dias=20.1 | size_kb=1.0
[2026-06-03 22:47:21,416] INFO: - log_sesiones_trabajo_registradas.md.20260507T041421Z.bak.gz | riesgo=critico | edad_dias=20.1 | size_kb=42.0
[2026-06-03 22:47:21,416] INFO: - matriz_trazabilidad.md.20260507T041421Z.bak.gz | riesgo=critico | edad_dias=20.1 | size_kb=6.5
[2026-06-03 22:47:21,416] INFO: - docker-compose.yml.20260513041323.bak.gz | riesgo=operativo | edad_dias=13.8 | size_kb=2.5
[2026-06-03 22:47:21,416] INFO: - openclaw.env.20260513040619.bak.gz | riesgo=alto | edad_dias=13.8 | size_kb=1.2
